service_id,date,exception_type
Fest Potenz linea 2,20231101,1
Fest,20230409,1
Fest,20230410,1
Fest,20230416,1
Fest,20230423,1
Fest,20230425,1
Fest,20230430,1
Fest,20230501,1
Fest,20230507,1
Fest,20230514,1
Fest,20230521,1
Fest,20230528,1
Fest,20230602,1
Fest,20230604,1
Fest,20230611,1
Fest,20230618,1
Fest,20230625,1
Fest,20230702,1
Fest,20230709,1
Fest,20230716,1
Fest,20230723,1
Fest,20230730,1
Fest,20230806,1
Fest,20230813,1
Fest,20230815,1
Fest,20230820,1
Fest,20230827,1
Fest,20230903,1
Fest,20230910,1
Fest,20230917,1
Fest,20230924,1
Fest,20231001,1
Fest,20231008,1
Fest,20231015,1
Fest,20231022,1
Fest,20231029,1
Fest,20231101,1
Fest,20231105,1
Fest,20231112,1
Fest,20231119,1
Fest,20231126,1
Fest,20231203,1
Fest,20231208,1
Fest,20231210,1
Fest,20231217,1
Fest,20231224,1
Fest,20231225,1
Fest,20231226,1
FestSCMAR,20231029,1
FestSCMAR,20231101,1
IntGcp,20230406,1
IntGcp,20230413,1
IntGcp,20230420,1
IntGcp,20230427,1
IntGcp,20230504,1
IntGcp,20230511,1
IntGcp,20230518,1
IntGcp,20230525,1
IntGcp,20230601,1
IntGcp,20230921,1
IntGcp,20230928,1
IntGcp,20231005,1
IntGcp,20231012,1
IntGcp,20231019,1
IntGcp,20231026,1
IntGcp,20231102,1
IntGcp,20231109,1
IntGcp,20231116,1
IntGcp,20231123,1
IntGcp,20231130,1
IntGcp,20231207,1
IntGcp,20231214,1
IntGcp,20231221,1
IntGcp,20231228,1
IntL-SurbCP,20230406,1
IntL-SurbCP,20230407,1
IntL-SurbCP,20230408,1
IntL-SurbCP,20230411,1
IntL-SurbCP,20230412,1
IntL-SurbCP,20230413,1
IntL-SurbCP,20230414,1
IntL-SurbCP,20230415,1
IntL-SurbCP,20230417,1
IntL-SurbCP,20230418,1
IntL-SurbCP,20230419,1
IntL-SurbCP,20230420,1
IntL-SurbCP,20230421,1
IntL-SurbCP,20230422,1
IntL-SurbCP,20230424,1
IntL-SurbCP,20230426,1
IntL-SurbCP,20230427,1
IntL-SurbCP,20230428,1
IntL-SurbCP,20230429,1
IntL-SurbCP,20230502,1
IntL-SurbCP,20230503,1
IntL-SurbCP,20230504,1
IntL-SurbCP,20230505,1
IntL-SurbCP,20230506,1
IntL-SurbCP,20230508,1
IntL-SurbCP,20230509,1
IntL-SurbCP,20230510,1
IntL-SurbCP,20230511,1
IntL-SurbCP,20230512,1
IntL-SurbCP,20230513,1
IntL-SurbCP,20230515,1
IntL-SurbCP,20230516,1
IntL-SurbCP,20230517,1
IntL-SurbCP,20230518,1
IntL-SurbCP,20230519,1
IntL-SurbCP,20230520,1
IntL-SurbCP,20230522,1
IntL-SurbCP,20230523,1
IntL-SurbCP,20230524,1
IntL-SurbCP,20230525,1
IntL-SurbCP,20230526,1
IntL-SurbCP,20230527,1
IntL-SurbCP,20230529,1
IntL-SurbCP,20230530,1
IntL-SurbCP,20230531,1
IntL-SurbCP,20230601,1
IntL-SurbCP,20230603,1
IntL-SurbCP,20230605,1
IntL-SurbCP,20230606,1
IntL-SurbCP,20230607,1
IntL-SurbCP,20230918,1
IntL-SurbCP,20230919,1
IntL-SurbCP,20230920,1
IntL-SurbCP,20230921,1
IntL-SurbCP,20230922,1
IntL-SurbCP,20230923,1
IntL-SurbCP,20230925,1
IntL-SurbCP,20230926,1
IntL-SurbCP,20230927,1
IntL-SurbCP,20230928,1
IntL-SurbCP,20230929,1
IntL-SurbCP,20230930,1
IntL-SurbCP,20231002,1
IntL-SurbCP,20231003,1
IntL-SurbCP,20231004,1
IntL-SurbCP,20231005,1
IntL-SurbCP,20231006,1
IntL-SurbCP,20231007,1
IntL-SurbCP,20231009,1
IntL-SurbCP,20231010,1
IntL-SurbCP,20231011,1
IntL-SurbCP,20231012,1
IntL-SurbCP,20231013,1
IntL-SurbCP,20231014,1
IntL-SurbCP,20231016,1
IntL-SurbCP,20231017,1
IntL-SurbCP,20231018,1
IntL-SurbCP,20231019,1
IntL-SurbCP,20231020,1
IntL-SurbCP,20231021,1
IntL-SurbCP,20231023,1
IntL-SurbCP,20231024,1
IntL-SurbCP,20231025,1
IntL-SurbCP,20231026,1
IntL-SurbCP,20231027,1
IntL-SurbCP,20231028,1
IntL-SurbCP,20231030,1
IntL-SurbCP,20231031,1
IntL-SurbCP,20231102,1
IntL-SurbCP,20231103,1
IntL-SurbCP,20231104,1
IntL-SurbCP,20231106,1
IntL-SurbCP,20231107,1
IntL-SurbCP,20231108,1
IntL-SurbCP,20231109,1
IntL-SurbCP,20231110,1
IntL-SurbCP,20231111,1
IntL-SurbCP,20231113,1
IntL-SurbCP,20231114,1
IntL-SurbCP,20231115,1
IntL-SurbCP,20231116,1
IntL-SurbCP,20231117,1
IntL-SurbCP,20231118,1
IntL-SurbCP,20231120,1
IntL-SurbCP,20231121,1
IntL-SurbCP,20231122,1
IntL-SurbCP,20231123,1
IntL-SurbCP,20231124,1
IntL-SurbCP,20231125,1
IntL-SurbCP,20231127,1
IntL-SurbCP,20231128,1
IntL-SurbCP,20231129,1
IntL-SurbCP,20231130,1
IntL-SurbCP,20231201,1
IntL-SurbCP,20231202,1
IntL-SurbCP,20231204,1
IntL-SurbCP,20231205,1
IntL-SurbCP,20231206,1
IntL-SurbCP,20231207,1
IntL-SurbCP,20231209,1
IntL-SurbCP,20231211,1
IntL-SurbCP,20231212,1
IntL-SurbCP,20231213,1
IntL-SurbCP,20231214,1
IntL-SurbCP,20231215,1
IntL-SurbCP,20231216,1
IntL-SurbCP,20231218,1
IntL-SurbCP,20231219,1
IntL-SurbCP,20231220,1
IntL-SurbCP,20231221,1
IntL-SurbCP,20231222,1
IntL-SurbCP,20231223,1
IntL-SurbCP,20231227,1
IntL-SurbCP,20231228,1
IntL-SurbCP,20231229,1
IntL-SurbCP,20231230,1
IntL-VurbCP,20230406,1
IntL-VurbCP,20230407,1
IntL-VurbCP,20230411,1
IntL-VurbCP,20230412,1
IntL-VurbCP,20230413,1
IntL-VurbCP,20230414,1
IntL-VurbCP,20230417,1
IntL-VurbCP,20230418,1
IntL-VurbCP,20230419,1
IntL-VurbCP,20230420,1
IntL-VurbCP,20230421,1
IntL-VurbCP,20230424,1
IntL-VurbCP,20230426,1
IntL-VurbCP,20230427,1
IntL-VurbCP,20230428,1
IntL-VurbCP,20230502,1
IntL-VurbCP,20230503,1
IntL-VurbCP,20230504,1
IntL-VurbCP,20230505,1
IntL-VurbCP,20230508,1
IntL-VurbCP,20230509,1
IntL-VurbCP,20230510,1
IntL-VurbCP,20230511,1
IntL-VurbCP,20230512,1
IntL-VurbCP,20230515,1
IntL-VurbCP,20230516,1
IntL-VurbCP,20230517,1
IntL-VurbCP,20230518,1
IntL-VurbCP,20230519,1
IntL-VurbCP,20230522,1
IntL-VurbCP,20230523,1
IntL-VurbCP,20230524,1
IntL-VurbCP,20230525,1
IntL-VurbCP,20230526,1
IntL-VurbCP,20230529,1
IntL-VurbCP,20230530,1
IntL-VurbCP,20230531,1
IntL-VurbCP,20230601,1
IntL-VurbCP,20230605,1
IntL-VurbCP,20230606,1
IntL-VurbCP,20230607,1
IntL-VurbCP,20230918,1
IntL-VurbCP,20230919,1
IntL-VurbCP,20230920,1
IntL-VurbCP,20230921,1
IntL-VurbCP,20230922,1
IntL-VurbCP,20230925,1
IntL-VurbCP,20230926,1
IntL-VurbCP,20230927,1
IntL-VurbCP,20230928,1
IntL-VurbCP,20230929,1
IntL-VurbCP,20231002,1
IntL-VurbCP,20231003,1
IntL-VurbCP,20231004,1
IntL-VurbCP,20231005,1
IntL-VurbCP,20231006,1
IntL-VurbCP,20231009,1
IntL-VurbCP,20231010,1
IntL-VurbCP,20231011,1
IntL-VurbCP,20231012,1
IntL-VurbCP,20231013,1
IntL-VurbCP,20231016,1
IntL-VurbCP,20231017,1
IntL-VurbCP,20231018,1
IntL-VurbCP,20231019,1
IntL-VurbCP,20231020,1
IntL-VurbCP,20231023,1
IntL-VurbCP,20231024,1
IntL-VurbCP,20231025,1
IntL-VurbCP,20231026,1
IntL-VurbCP,20231027,1
IntL-VurbCP,20231030,1
IntL-VurbCP,20231031,1
IntL-VurbCP,20231102,1
IntL-VurbCP,20231103,1
IntL-VurbCP,20231106,1
IntL-VurbCP,20231107,1
IntL-VurbCP,20231108,1
IntL-VurbCP,20231109,1
IntL-VurbCP,20231110,1
IntL-VurbCP,20231113,1
IntL-VurbCP,20231114,1
IntL-VurbCP,20231115,1
IntL-VurbCP,20231116,1
IntL-VurbCP,20231117,1
IntL-VurbCP,20231120,1
IntL-VurbCP,20231121,1
IntL-VurbCP,20231122,1
IntL-VurbCP,20231123,1
IntL-VurbCP,20231124,1
IntL-VurbCP,20231127,1
IntL-VurbCP,20231128,1
IntL-VurbCP,20231129,1
IntL-VurbCP,20231130,1
IntL-VurbCP,20231201,1
IntL-VurbCP,20231204,1
IntL-VurbCP,20231205,1
IntL-VurbCP,20231206,1
IntL-VurbCP,20231207,1
IntL-VurbCP,20231211,1
IntL-VurbCP,20231212,1
IntL-VurbCP,20231213,1
IntL-VurbCP,20231214,1
IntL-VurbCP,20231215,1
IntL-VurbCP,20231218,1
IntL-VurbCP,20231219,1
IntL-VurbCP,20231220,1
IntL-VurbCP,20231221,1
IntL-VurbCP,20231222,1
IntL-VurbCP,20231227,1
IntL-VurbCP,20231228,1
IntL-VurbCP,20231229,1
IntLMMVScp,20230407,1
IntLMMVScp,20230408,1
IntLMMVScp,20230411,1
IntLMMVScp,20230412,1
IntLMMVScp,20230414,1
IntLMMVScp,20230415,1
IntLMMVScp,20230417,1
IntLMMVScp,20230418,1
IntLMMVScp,20230419,1
IntLMMVScp,20230421,1
IntLMMVScp,20230422,1
IntLMMVScp,20230424,1
IntLMMVScp,20230426,1
IntLMMVScp,20230428,1
IntLMMVScp,20230429,1
IntLMMVScp,20230502,1
IntLMMVScp,20230503,1
IntLMMVScp,20230505,1
IntLMMVScp,20230506,1
IntLMMVScp,20230508,1
IntLMMVScp,20230509,1
IntLMMVScp,20230510,1
IntLMMVScp,20230512,1
IntLMMVScp,20230513,1
IntLMMVScp,20230515,1
IntLMMVScp,20230516,1
IntLMMVScp,20230517,1
IntLMMVScp,20230519,1
IntLMMVScp,20230520,1
IntLMMVScp,20230522,1
IntLMMVScp,20230523,1
IntLMMVScp,20230524,1
IntLMMVScp,20230526,1
IntLMMVScp,20230527,1
IntLMMVScp,20230529,1
IntLMMVScp,20230530,1
IntLMMVScp,20230531,1
IntLMMVScp,20230603,1
IntLMMVScp,20230605,1
IntLMMVScp,20230606,1
IntLMMVScp,20230607,1
IntLMMVScp,20230918,1
IntLMMVScp,20230919,1
IntLMMVScp,20230920,1
IntLMMVScp,20230922,1
IntLMMVScp,20230923,1
IntLMMVScp,20230925,1
IntLMMVScp,20230926,1
IntLMMVScp,20230927,1
IntLMMVScp,20230929,1
IntLMMVScp,20230930,1
IntLMMVScp,20231002,1
IntLMMVScp,20231003,1
IntLMMVScp,20231004,1
IntLMMVScp,20231006,1
IntLMMVScp,20231007,1
IntLMMVScp,20231009,1
IntLMMVScp,20231010,1
IntLMMVScp,20231011,1
IntLMMVScp,20231013,1
IntLMMVScp,20231014,1
IntLMMVScp,20231016,1
IntLMMVScp,20231017,1
IntLMMVScp,20231018,1
IntLMMVScp,20231020,1
IntLMMVScp,20231021,1
IntLMMVScp,20231023,1
IntLMMVScp,20231024,1
IntLMMVScp,20231025,1
IntLMMVScp,20231027,1
IntLMMVScp,20231028,1
IntLMMVScp,20231030,1
IntLMMVScp,20231031,1
IntLMMVScp,20231103,1
IntLMMVScp,20231104,1
IntLMMVScp,20231106,1
IntLMMVScp,20231107,1
IntLMMVScp,20231108,1
IntLMMVScp,20231110,1
IntLMMVScp,20231111,1
IntLMMVScp,20231113,1
IntLMMVScp,20231114,1
IntLMMVScp,20231115,1
IntLMMVScp,20231117,1
IntLMMVScp,20231118,1
IntLMMVScp,20231120,1
IntLMMVScp,20231121,1
IntLMMVScp,20231122,1
IntLMMVScp,20231124,1
IntLMMVScp,20231125,1
IntLMMVScp,20231127,1
IntLMMVScp,20231128,1
IntLMMVScp,20231129,1
IntLMMVScp,20231201,1
IntLMMVScp,20231202,1
IntLMMVScp,20231204,1
IntLMMVScp,20231205,1
IntLMMVScp,20231206,1
IntLMMVScp,20231209,1
IntLMMVScp,20231211,1
IntLMMVScp,20231212,1
IntLMMVScp,20231213,1
IntLMMVScp,20231215,1
IntLMMVScp,20231216,1
IntLMMVScp,20231218,1
IntLMMVScp,20231219,1
IntLMMVScp,20231220,1
IntLMMVScp,20231222,1
IntLMMVScp,20231223,1
IntLMMVScp,20231227,1
IntLMMVScp,20231229,1
IntLMMVScp,20231230,1
IntLMMVcp,20230407,1
IntLMMVcp,20230411,1
IntLMMVcp,20230412,1
IntLMMVcp,20230414,1
IntLMMVcp,20230417,1
IntLMMVcp,20230418,1
IntLMMVcp,20230419,1
IntLMMVcp,20230421,1
IntLMMVcp,20230424,1
IntLMMVcp,20230426,1
IntLMMVcp,20230428,1
IntLMMVcp,20230502,1
IntLMMVcp,20230503,1
IntLMMVcp,20230505,1
IntLMMVcp,20230508,1
IntLMMVcp,20230509,1
IntLMMVcp,20230510,1
IntLMMVcp,20230512,1
IntLMMVcp,20230515,1
IntLMMVcp,20230516,1
IntLMMVcp,20230517,1
IntLMMVcp,20230519,1
IntLMMVcp,20230522,1
IntLMMVcp,20230523,1
IntLMMVcp,20230524,1
IntLMMVcp,20230526,1
IntLMMVcp,20230529,1
IntLMMVcp,20230530,1
IntLMMVcp,20230531,1
IntLMMVcp,20230605,1
IntLMMVcp,20230606,1
IntLMMVcp,20230607,1
IntLMMVcp,20230918,1
IntLMMVcp,20230919,1
IntLMMVcp,20230920,1
IntLMMVcp,20230922,1
IntLMMVcp,20230925,1
IntLMMVcp,20230926,1
IntLMMVcp,20230927,1
IntLMMVcp,20230929,1
IntLMMVcp,20231002,1
IntLMMVcp,20231003,1
IntLMMVcp,20231004,1
IntLMMVcp,20231006,1
IntLMMVcp,20231009,1
IntLMMVcp,20231010,1
IntLMMVcp,20231011,1
IntLMMVcp,20231013,1
IntLMMVcp,20231016,1
IntLMMVcp,20231017,1
IntLMMVcp,20231018,1
IntLMMVcp,20231020,1
IntLMMVcp,20231023,1
IntLMMVcp,20231024,1
IntLMMVcp,20231025,1
IntLMMVcp,20231027,1
IntLMMVcp,20231030,1
IntLMMVcp,20231031,1
IntLMMVcp,20231103,1
IntLMMVcp,20231106,1
IntLMMVcp,20231107,1
IntLMMVcp,20231108,1
IntLMMVcp,20231110,1
IntLMMVcp,20231113,1
IntLMMVcp,20231114,1
IntLMMVcp,20231115,1
IntLMMVcp,20231117,1
IntLMMVcp,20231120,1
IntLMMVcp,20231121,1
IntLMMVcp,20231122,1
IntLMMVcp,20231124,1
IntLMMVcp,20231127,1
IntLMMVcp,20231128,1
IntLMMVcp,20231129,1
IntLMMVcp,20231201,1
IntLMMVcp,20231204,1
IntLMMVcp,20231205,1
IntLMMVcp,20231206,1
IntLMMVcp,20231211,1
IntLMMVcp,20231212,1
IntLMMVcp,20231213,1
IntLMMVcp,20231215,1
IntLMMVcp,20231218,1
IntLMMVcp,20231219,1
IntLMMVcp,20231220,1
IntLMMVcp,20231222,1
IntLMMVcp,20231227,1
IntLMMVcp,20231229,1
IntSurbCP,20230408,1
IntSurbCP,20230415,1
IntSurbCP,20230422,1
IntSurbCP,20230429,1
IntSurbCP,20230506,1
IntSurbCP,20230513,1
IntSurbCP,20230520,1
IntSurbCP,20230527,1
IntSurbCP,20230603,1
IntSurbCP,20230923,1
IntSurbCP,20230930,1
IntSurbCP,20231007,1
IntSurbCP,20231014,1
IntSurbCP,20231021,1
IntSurbCP,20231028,1
IntSurbCP,20231104,1
IntSurbCP,20231111,1
IntSurbCP,20231118,1
IntSurbCP,20231125,1
IntSurbCP,20231202,1
IntSurbCP,20231209,1
IntSurbCP,20231216,1
IntSurbCP,20231223,1
IntSurbCP,20231230,1
MISTO_NScolL-S,20230406,1
MISTO_NScolL-S,20230407,1
MISTO_NScolL-S,20230408,1
MISTO_NScolL-S,20230411,1
MISTO_NScolL-S,20230608,1
MISTO_NScolL-S,20230609,1
MISTO_NScolL-S,20230610,1
MISTO_NScolL-S,20230612,1
MISTO_NScolL-S,20230613,1
MISTO_NScolL-S,20230614,1
MISTO_NScolL-S,20230615,1
MISTO_NScolL-S,20230616,1
MISTO_NScolL-S,20230617,1
MISTO_NScolL-S,20230619,1
MISTO_NScolL-S,20230620,1
MISTO_NScolL-S,20230621,1
MISTO_NScolL-S,20230622,1
MISTO_NScolL-S,20230623,1
MISTO_NScolL-S,20230624,1
MISTO_NScolL-S,20230626,1
MISTO_NScolL-S,20230627,1
MISTO_NScolL-S,20230628,1
MISTO_NScolL-S,20230629,1
MISTO_NScolL-S,20230630,1
MISTO_NScolL-S,20230701,1
MISTO_NScolL-S,20230703,1
MISTO_NScolL-S,20230704,1
MISTO_NScolL-S,20230705,1
MISTO_NScolL-S,20230706,1
MISTO_NScolL-S,20230707,1
MISTO_NScolL-S,20230708,1
MISTO_NScolL-S,20230710,1
MISTO_NScolL-S,20230711,1
MISTO_NScolL-S,20230712,1
MISTO_NScolL-S,20230713,1
MISTO_NScolL-S,20230714,1
MISTO_NScolL-S,20230715,1
MISTO_NScolL-S,20230717,1
MISTO_NScolL-S,20230718,1
MISTO_NScolL-S,20230719,1
MISTO_NScolL-S,20230720,1
MISTO_NScolL-S,20230721,1
MISTO_NScolL-S,20230722,1
MISTO_NScolL-S,20230724,1
MISTO_NScolL-S,20230725,1
MISTO_NScolL-S,20230726,1
MISTO_NScolL-S,20230727,1
MISTO_NScolL-S,20230728,1
MISTO_NScolL-S,20230729,1
MISTO_NScolL-S,20230801,1
MISTO_NScolL-S,20230802,1
MISTO_NScolL-S,20230803,1
MISTO_NScolL-S,20230804,1
MISTO_NScolL-S,20230805,1
MISTO_NScolL-S,20230807,1
MISTO_NScolL-S,20230808,1
MISTO_NScolL-S,20230809,1
MISTO_NScolL-S,20230810,1
MISTO_NScolL-S,20230811,1
MISTO_NScolL-S,20230812,1
MISTO_NScolL-S,20230814,1
MISTO_NScolL-S,20230816,1
MISTO_NScolL-S,20230817,1
MISTO_NScolL-S,20230818,1
MISTO_NScolL-S,20230819,1
MISTO_NScolL-S,20230821,1
MISTO_NScolL-S,20230822,1
MISTO_NScolL-S,20230823,1
MISTO_NScolL-S,20230824,1
MISTO_NScolL-S,20230825,1
MISTO_NScolL-S,20230826,1
MISTO_NScolL-S,20230828,1
MISTO_NScolL-S,20230829,1
MISTO_NScolL-S,20230830,1
MISTO_NScolL-S,20230831,1
MISTO_NScolL-S,20230901,1
MISTO_NScolL-S,20230902,1
MISTO_NScolL-S,20230904,1
MISTO_NScolL-S,20230905,1
MISTO_NScolL-S,20230906,1
MISTO_NScolL-S,20230907,1
MISTO_NScolL-S,20230908,1
MISTO_NScolL-S,20230909,1
MISTO_NScolL-S,20230911,1
MISTO_NScolL-S,20230912,1
MISTO_NScolL-S,20230913,1
MISTO_NScolL-S,20230914,1
MISTO_NScolL-S,20230915,1
MISTO_NScolL-S,20230916,1
MISTO_NScolL-S,20231102,1
MISTO_NScolL-S,20231227,1
MISTO_NScolL-S,20231228,1
MISTO_NScolL-S,20231229,1
MISTO_NScolL-S,20231230,1
MISTO_NScolL-V,20230406,1
MISTO_NScolL-V,20230407,1
MISTO_NScolL-V,20230411,1
MISTO_NScolL-V,20230608,1
MISTO_NScolL-V,20230609,1
MISTO_NScolL-V,20230612,1
MISTO_NScolL-V,20230613,1
MISTO_NScolL-V,20230614,1
MISTO_NScolL-V,20230615,1
MISTO_NScolL-V,20230616,1
MISTO_NScolL-V,20230619,1
MISTO_NScolL-V,20230620,1
MISTO_NScolL-V,20230621,1
MISTO_NScolL-V,20230622,1
MISTO_NScolL-V,20230623,1
MISTO_NScolL-V,20230626,1
MISTO_NScolL-V,20230627,1
MISTO_NScolL-V,20230628,1
MISTO_NScolL-V,20230629,1
MISTO_NScolL-V,20230630,1
MISTO_NScolL-V,20230703,1
MISTO_NScolL-V,20230704,1
MISTO_NScolL-V,20230705,1
MISTO_NScolL-V,20230706,1
MISTO_NScolL-V,20230707,1
MISTO_NScolL-V,20230710,1
MISTO_NScolL-V,20230711,1
MISTO_NScolL-V,20230712,1
MISTO_NScolL-V,20230713,1
MISTO_NScolL-V,20230714,1
MISTO_NScolL-V,20230717,1
MISTO_NScolL-V,20230718,1
MISTO_NScolL-V,20230719,1
MISTO_NScolL-V,20230720,1
MISTO_NScolL-V,20230721,1
MISTO_NScolL-V,20230724,1
MISTO_NScolL-V,20230725,1
MISTO_NScolL-V,20230726,1
MISTO_NScolL-V,20230727,1
MISTO_NScolL-V,20230728,1
MISTO_NScolL-V,20230731,1
MISTO_NScolL-V,20230801,1
MISTO_NScolL-V,20230802,1
MISTO_NScolL-V,20230803,1
MISTO_NScolL-V,20230804,1
MISTO_NScolL-V,20230807,1
MISTO_NScolL-V,20230808,1
MISTO_NScolL-V,20230809,1
MISTO_NScolL-V,20230810,1
MISTO_NScolL-V,20230811,1
MISTO_NScolL-V,20230814,1
MISTO_NScolL-V,20230816,1
MISTO_NScolL-V,20230817,1
MISTO_NScolL-V,20230818,1
MISTO_NScolL-V,20230821,1
MISTO_NScolL-V,20230822,1
MISTO_NScolL-V,20230823,1
MISTO_NScolL-V,20230824,1
MISTO_NScolL-V,20230825,1
MISTO_NScolL-V,20230828,1
MISTO_NScolL-V,20230829,1
MISTO_NScolL-V,20230830,1
MISTO_NScolL-V,20230831,1
MISTO_NScolL-V,20230901,1
MISTO_NScolL-V,20230904,1
MISTO_NScolL-V,20230905,1
MISTO_NScolL-V,20230906,1
MISTO_NScolL-V,20230907,1
MISTO_NScolL-V,20230908,1
MISTO_NScolL-V,20230911,1
MISTO_NScolL-V,20230912,1
MISTO_NScolL-V,20230913,1
MISTO_NScolL-V,20230914,1
MISTO_NScolL-V,20230915,1
MISTO_NScolL-V,20231102,1
MISTO_NScolL-V,20231201,1
MISTO_NScolL-V,20231227,1
MISTO_NScolL-V,20231228,1
MISTO_NScolL-V,20231229,1
MISTO_NScolMaV,20230407,1
MISTO_NScolMaV,20230411,1
MISTO_NScolMaV,20230609,1
MISTO_NScolMaV,20230613,1
MISTO_NScolMaV,20230616,1
MISTO_NScolMaV,20230620,1
MISTO_NScolMaV,20230623,1
MISTO_NScolMaV,20230627,1
MISTO_NScolMaV,20230630,1
MISTO_NScolMaV,20230704,1
MISTO_NScolMaV,20230707,1
MISTO_NScolMaV,20230711,1
MISTO_NScolMaV,20230714,1
MISTO_NScolMaV,20230718,1
MISTO_NScolMaV,20230721,1
MISTO_NScolMaV,20230725,1
MISTO_NScolMaV,20230728,1
MISTO_NScolMaV,20230801,1
MISTO_NScolMaV,20230804,1
MISTO_NScolMaV,20230808,1
MISTO_NScolMaV,20230811,1
MISTO_NScolMaV,20230818,1
MISTO_NScolMaV,20230822,1
MISTO_NScolMaV,20230825,1
MISTO_NScolMaV,20230829,1
MISTO_NScolMaV,20230901,1
MISTO_NScolMaV,20230905,1
MISTO_NScolMaV,20230908,1
MISTO_NScolMaV,20230912,1
MISTO_NScolMaV,20230915,1
MISTO_NScolMaV,20231229,1
MISTO_NScolS,20230408,1
MISTO_NScolS,20230610,1
MISTO_NScolS,20230617,1
MISTO_NScolS,20230624,1
MISTO_NScolS,20230701,1
MISTO_NScolS,20230708,1
MISTO_NScolS,20230715,1
MISTO_NScolS,20230722,1
MISTO_NScolS,20230729,1
MISTO_NScolS,20230805,1
MISTO_NScolS,20230812,1
MISTO_NScolS,20230819,1
MISTO_NScolS,20230826,1
MISTO_NScolS,20230902,1
MISTO_NScolS,20230909,1
MISTO_NScolS,20230916,1
MISTO_NScolS,20231202,1
MISTO_NScolS,20231230,1
MISTO_NscolL-Surb,20230406,1
MISTO_NscolL-Surb,20230407,1
MISTO_NscolL-Surb,20230408,1
MISTO_NscolL-Surb,20230411,1
MISTO_NscolL-Surb,20230608,1
MISTO_NscolL-Surb,20230609,1
MISTO_NscolL-Surb,20230610,1
MISTO_NscolL-Surb,20230612,1
MISTO_NscolL-Surb,20230613,1
MISTO_NscolL-Surb,20230614,1
MISTO_NscolL-Surb,20230615,1
MISTO_NscolL-Surb,20230616,1
MISTO_NscolL-Surb,20230617,1
MISTO_NscolL-Surb,20230619,1
MISTO_NscolL-Surb,20230620,1
MISTO_NscolL-Surb,20230621,1
MISTO_NscolL-Surb,20230622,1
MISTO_NscolL-Surb,20230623,1
MISTO_NscolL-Surb,20230624,1
MISTO_NscolL-Surb,20230626,1
MISTO_NscolL-Surb,20230627,1
MISTO_NscolL-Surb,20230628,1
MISTO_NscolL-Surb,20230629,1
MISTO_NscolL-Surb,20230630,1
MISTO_NscolL-Surb,20230701,1
MISTO_NscolL-Surb,20230703,1
MISTO_NscolL-Surb,20230704,1
MISTO_NscolL-Surb,20230705,1
MISTO_NscolL-Surb,20230706,1
MISTO_NscolL-Surb,20230707,1
MISTO_NscolL-Surb,20230708,1
MISTO_NscolL-Surb,20230710,1
MISTO_NscolL-Surb,20230711,1
MISTO_NscolL-Surb,20230712,1
MISTO_NscolL-Surb,20230713,1
MISTO_NscolL-Surb,20230714,1
MISTO_NscolL-Surb,20230715,1
MISTO_NscolL-Surb,20230717,1
MISTO_NscolL-Surb,20230718,1
MISTO_NscolL-Surb,20230719,1
MISTO_NscolL-Surb,20230720,1
MISTO_NscolL-Surb,20230721,1
MISTO_NscolL-Surb,20230722,1
MISTO_NscolL-Surb,20230724,1
MISTO_NscolL-Surb,20230725,1
MISTO_NscolL-Surb,20230726,1
MISTO_NscolL-Surb,20230727,1
MISTO_NscolL-Surb,20230728,1
MISTO_NscolL-Surb,20230729,1
MISTO_NscolL-Surb,20230828,1
MISTO_NscolL-Surb,20230829,1
MISTO_NscolL-Surb,20230830,1
MISTO_NscolL-Surb,20230831,1
MISTO_NscolL-Surb,20230901,1
MISTO_NscolL-Surb,20230902,1
MISTO_NscolL-Surb,20230904,1
MISTO_NscolL-Surb,20230905,1
MISTO_NscolL-Surb,20230906,1
MISTO_NscolL-Surb,20230907,1
MISTO_NscolL-Surb,20230908,1
MISTO_NscolL-Surb,20230909,1
MISTO_NscolL-Surb,20230911,1
MISTO_NscolL-Surb,20230912,1
MISTO_NscolL-Surb,20230913,1
MISTO_NscolL-Surb,20230914,1
MISTO_NscolL-Surb,20230915,1
MISTO_NscolL-Surb,20230916,1
MISTO_NscolL-Surb,20231102,1
MISTO_NscolL-Vurb,20230406,1
MISTO_NscolL-Vurb,20230407,1
MISTO_NscolL-Vurb,20230411,1
MISTO_NscolL-Vurb,20230608,1
MISTO_NscolL-Vurb,20230609,1
MISTO_NscolL-Vurb,20230612,1
MISTO_NscolL-Vurb,20230613,1
MISTO_NscolL-Vurb,20230614,1
MISTO_NscolL-Vurb,20230615,1
MISTO_NscolL-Vurb,20230616,1
MISTO_NscolL-Vurb,20230619,1
MISTO_NscolL-Vurb,20230620,1
MISTO_NscolL-Vurb,20230621,1
MISTO_NscolL-Vurb,20230622,1
MISTO_NscolL-Vurb,20230623,1
MISTO_NscolL-Vurb,20230626,1
MISTO_NscolL-Vurb,20230627,1
MISTO_NscolL-Vurb,20230628,1
MISTO_NscolL-Vurb,20230629,1
MISTO_NscolL-Vurb,20230630,1
MISTO_NscolL-Vurb,20230703,1
MISTO_NscolL-Vurb,20230704,1
MISTO_NscolL-Vurb,20230705,1
MISTO_NscolL-Vurb,20230706,1
MISTO_NscolL-Vurb,20230707,1
MISTO_NscolL-Vurb,20230710,1
MISTO_NscolL-Vurb,20230711,1
MISTO_NscolL-Vurb,20230712,1
MISTO_NscolL-Vurb,20230713,1
MISTO_NscolL-Vurb,20230714,1
MISTO_NscolL-Vurb,20230717,1
MISTO_NscolL-Vurb,20230718,1
MISTO_NscolL-Vurb,20230719,1
MISTO_NscolL-Vurb,20230720,1
MISTO_NscolL-Vurb,20230721,1
MISTO_NscolL-Vurb,20230724,1
MISTO_NscolL-Vurb,20230725,1
MISTO_NscolL-Vurb,20230726,1
MISTO_NscolL-Vurb,20230727,1
MISTO_NscolL-Vurb,20230728,1
MISTO_NscolL-Vurb,20230828,1
MISTO_NscolL-Vurb,20230829,1
MISTO_NscolL-Vurb,20230830,1
MISTO_NscolL-Vurb,20230831,1
MISTO_NscolL-Vurb,20230901,1
MISTO_NscolL-Vurb,20230904,1
MISTO_NscolL-Vurb,20230905,1
MISTO_NscolL-Vurb,20230906,1
MISTO_NscolL-Vurb,20230907,1
MISTO_NscolL-Vurb,20230908,1
MISTO_NscolL-Vurb,20230911,1
MISTO_NscolL-Vurb,20230912,1
MISTO_NscolL-Vurb,20230913,1
MISTO_NscolL-Vurb,20230914,1
MISTO_NscolL-Vurb,20230915,1
MISTO_NscolL-Vurb,20231102,1
MISTO_NscolLMeGS,20230406,1
MISTO_NscolLMeGS,20230408,1
MISTO_NscolLMeGS,20230608,1
MISTO_NscolLMeGS,20230610,1
MISTO_NscolLMeGS,20230612,1
MISTO_NscolLMeGS,20230614,1
MISTO_NscolLMeGS,20230615,1
MISTO_NscolLMeGS,20230617,1
MISTO_NscolLMeGS,20230619,1
MISTO_NscolLMeGS,20230621,1
MISTO_NscolLMeGS,20230622,1
MISTO_NscolLMeGS,20230624,1
MISTO_NscolLMeGS,20230626,1
MISTO_NscolLMeGS,20230628,1
MISTO_NscolLMeGS,20230629,1
MISTO_NscolLMeGS,20230701,1
MISTO_NscolLMeGS,20230703,1
MISTO_NscolLMeGS,20230705,1
MISTO_NscolLMeGS,20230706,1
MISTO_NscolLMeGS,20230708,1
MISTO_NscolLMeGS,20230710,1
MISTO_NscolLMeGS,20230712,1
MISTO_NscolLMeGS,20230713,1
MISTO_NscolLMeGS,20230715,1
MISTO_NscolLMeGS,20230717,1
MISTO_NscolLMeGS,20230719,1
MISTO_NscolLMeGS,20230720,1
MISTO_NscolLMeGS,20230722,1
MISTO_NscolLMeGS,20230724,1
MISTO_NscolLMeGS,20230726,1
MISTO_NscolLMeGS,20230727,1
MISTO_NscolLMeGS,20230729,1
MISTO_NscolLMeGS,20230731,1
MISTO_NscolLMeGS,20230802,1
MISTO_NscolLMeGS,20230803,1
MISTO_NscolLMeGS,20230805,1
MISTO_NscolLMeGS,20230807,1
MISTO_NscolLMeGS,20230809,1
MISTO_NscolLMeGS,20230810,1
MISTO_NscolLMeGS,20230812,1
MISTO_NscolLMeGS,20230814,1
MISTO_NscolLMeGS,20230816,1
MISTO_NscolLMeGS,20230817,1
MISTO_NscolLMeGS,20230819,1
MISTO_NscolLMeGS,20230821,1
MISTO_NscolLMeGS,20230823,1
MISTO_NscolLMeGS,20230824,1
MISTO_NscolLMeGS,20230826,1
MISTO_NscolLMeGS,20230828,1
MISTO_NscolLMeGS,20230830,1
MISTO_NscolLMeGS,20230831,1
MISTO_NscolLMeGS,20230902,1
MISTO_NscolLMeGS,20230904,1
MISTO_NscolLMeGS,20230906,1
MISTO_NscolLMeGS,20230907,1
MISTO_NscolLMeGS,20230909,1
MISTO_NscolLMeGS,20230911,1
MISTO_NscolLMeGS,20230913,1
MISTO_NscolLMeGS,20230914,1
MISTO_NscolLMeGS,20230916,1
MISTO_NscolLMeGS,20231102,1
MISTO_NscolLMeGS,20231227,1
MISTO_NscolLMeGS,20231228,1
MISTO_NscolLMeGS,20231230,1
MISTO_NscolSurb,20230408,1
MISTO_NscolSurb,20230610,1
MISTO_NscolSurb,20230617,1
MISTO_NscolSurb,20230624,1
MISTO_NscolSurb,20230701,1
MISTO_NscolSurb,20230708,1
MISTO_NscolSurb,20230715,1
MISTO_NscolSurb,20230722,1
MISTO_NscolSurb,20230729,1
MISTO_NscolSurb,20230902,1
MISTO_NscolSurb,20230909,1
MISTO_NscolSurb,20230916,1
MISTO_ScolL-S,20230412,1
MISTO_ScolL-S,20230413,1
MISTO_ScolL-S,20230414,1
MISTO_ScolL-S,20230415,1
MISTO_ScolL-S,20230417,1
MISTO_ScolL-S,20230418,1
MISTO_ScolL-S,20230419,1
MISTO_ScolL-S,20230420,1
MISTO_ScolL-S,20230421,1
MISTO_ScolL-S,20230422,1
MISTO_ScolL-S,20230424,1
MISTO_ScolL-S,20230426,1
MISTO_ScolL-S,20230427,1
MISTO_ScolL-S,20230428,1
MISTO_ScolL-S,20230429,1
MISTO_ScolL-S,20230502,1
MISTO_ScolL-S,20230503,1
MISTO_ScolL-S,20230504,1
MISTO_ScolL-S,20230505,1
MISTO_ScolL-S,20230506,1
MISTO_ScolL-S,20230508,1
MISTO_ScolL-S,20230509,1
MISTO_ScolL-S,20230510,1
MISTO_ScolL-S,20230511,1
MISTO_ScolL-S,20230512,1
MISTO_ScolL-S,20230513,1
MISTO_ScolL-S,20230515,1
MISTO_ScolL-S,20230516,1
MISTO_ScolL-S,20230517,1
MISTO_ScolL-S,20230518,1
MISTO_ScolL-S,20230519,1
MISTO_ScolL-S,20230520,1
MISTO_ScolL-S,20230522,1
MISTO_ScolL-S,20230523,1
MISTO_ScolL-S,20230524,1
MISTO_ScolL-S,20230525,1
MISTO_ScolL-S,20230526,1
MISTO_ScolL-S,20230527,1
MISTO_ScolL-S,20230529,1
MISTO_ScolL-S,20230530,1
MISTO_ScolL-S,20230531,1
MISTO_ScolL-S,20230601,1
MISTO_ScolL-S,20230603,1
MISTO_ScolL-S,20230605,1
MISTO_ScolL-S,20230606,1
MISTO_ScolL-S,20230607,1
MISTO_ScolL-S,20230918,1
MISTO_ScolL-S,20230919,1
MISTO_ScolL-S,20230920,1
MISTO_ScolL-S,20230921,1
MISTO_ScolL-S,20230922,1
MISTO_ScolL-S,20230923,1
MISTO_ScolL-S,20230925,1
MISTO_ScolL-S,20230926,1
MISTO_ScolL-S,20230927,1
MISTO_ScolL-S,20230928,1
MISTO_ScolL-S,20230929,1
MISTO_ScolL-S,20230930,1
MISTO_ScolL-S,20231002,1
MISTO_ScolL-S,20231003,1
MISTO_ScolL-S,20231004,1
MISTO_ScolL-S,20231005,1
MISTO_ScolL-S,20231006,1
MISTO_ScolL-S,20231007,1
MISTO_ScolL-S,20231009,1
MISTO_ScolL-S,20231010,1
MISTO_ScolL-S,20231011,1
MISTO_ScolL-S,20231012,1
MISTO_ScolL-S,20231013,1
MISTO_ScolL-S,20231014,1
MISTO_ScolL-S,20231016,1
MISTO_ScolL-S,20231017,1
MISTO_ScolL-S,20231018,1
MISTO_ScolL-S,20231019,1
MISTO_ScolL-S,20231020,1
MISTO_ScolL-S,20231021,1
MISTO_ScolL-S,20231023,1
MISTO_ScolL-S,20231024,1
MISTO_ScolL-S,20231025,1
MISTO_ScolL-S,20231026,1
MISTO_ScolL-S,20231027,1
MISTO_ScolL-S,20231028,1
MISTO_ScolL-S,20231030,1
MISTO_ScolL-S,20231031,1
MISTO_ScolL-S,20231103,1
MISTO_ScolL-S,20231104,1
MISTO_ScolL-S,20231106,1
MISTO_ScolL-S,20231107,1
MISTO_ScolL-S,20231108,1
MISTO_ScolL-S,20231109,1
MISTO_ScolL-S,20231110,1
MISTO_ScolL-S,20231111,1
MISTO_ScolL-S,20231113,1
MISTO_ScolL-S,20231114,1
MISTO_ScolL-S,20231115,1
MISTO_ScolL-S,20231116,1
MISTO_ScolL-S,20231117,1
MISTO_ScolL-S,20231118,1
MISTO_ScolL-S,20231120,1
MISTO_ScolL-S,20231121,1
MISTO_ScolL-S,20231122,1
MISTO_ScolL-S,20231123,1
MISTO_ScolL-S,20231124,1
MISTO_ScolL-S,20231125,1
MISTO_ScolL-S,20231127,1
MISTO_ScolL-S,20231128,1
MISTO_ScolL-S,20231129,1
MISTO_ScolL-S,20231130,1
MISTO_ScolL-S,20231201,1
MISTO_ScolL-S,20231202,1
MISTO_ScolL-S,20231204,1
MISTO_ScolL-S,20231205,1
MISTO_ScolL-S,20231206,1
MISTO_ScolL-S,20231207,1
MISTO_ScolL-S,20231209,1
MISTO_ScolL-S,20231211,1
MISTO_ScolL-S,20231212,1
MISTO_ScolL-S,20231213,1
MISTO_ScolL-S,20231214,1
MISTO_ScolL-S,20231215,1
MISTO_ScolL-S,20231216,1
MISTO_ScolL-S,20231218,1
MISTO_ScolL-S,20231219,1
MISTO_ScolL-S,20231220,1
MISTO_ScolL-S,20231221,1
MISTO_ScolL-S,20231222,1
MISTO_ScolL-S,20231223,1
MISTO_ScolL-V,20230412,1
MISTO_ScolL-V,20230413,1
MISTO_ScolL-V,20230414,1
MISTO_ScolL-V,20230417,1
MISTO_ScolL-V,20230418,1
MISTO_ScolL-V,20230419,1
MISTO_ScolL-V,20230420,1
MISTO_ScolL-V,20230421,1
MISTO_ScolL-V,20230424,1
MISTO_ScolL-V,20230426,1
MISTO_ScolL-V,20230427,1
MISTO_ScolL-V,20230428,1
MISTO_ScolL-V,20230502,1
MISTO_ScolL-V,20230503,1
MISTO_ScolL-V,20230504,1
MISTO_ScolL-V,20230505,1
MISTO_ScolL-V,20230508,1
MISTO_ScolL-V,20230509,1
MISTO_ScolL-V,20230510,1
MISTO_ScolL-V,20230511,1
MISTO_ScolL-V,20230512,1
MISTO_ScolL-V,20230515,1
MISTO_ScolL-V,20230516,1
MISTO_ScolL-V,20230517,1
MISTO_ScolL-V,20230518,1
MISTO_ScolL-V,20230519,1
MISTO_ScolL-V,20230522,1
MISTO_ScolL-V,20230523,1
MISTO_ScolL-V,20230524,1
MISTO_ScolL-V,20230525,1
MISTO_ScolL-V,20230526,1
MISTO_ScolL-V,20230529,1
MISTO_ScolL-V,20230530,1
MISTO_ScolL-V,20230531,1
MISTO_ScolL-V,20230601,1
MISTO_ScolL-V,20230605,1
MISTO_ScolL-V,20230606,1
MISTO_ScolL-V,20230607,1
MISTO_ScolL-V,20230901,1
MISTO_ScolL-V,20230904,1
MISTO_ScolL-V,20230905,1
MISTO_ScolL-V,20230906,1
MISTO_ScolL-V,20230907,1
MISTO_ScolL-V,20230908,1
MISTO_ScolL-V,20230911,1
MISTO_ScolL-V,20230912,1
MISTO_ScolL-V,20230913,1
MISTO_ScolL-V,20230914,1
MISTO_ScolL-V,20230915,1
MISTO_ScolL-V,20230918,1
MISTO_ScolL-V,20230919,1
MISTO_ScolL-V,20230920,1
MISTO_ScolL-V,20230921,1
MISTO_ScolL-V,20230922,1
MISTO_ScolL-V,20230925,1
MISTO_ScolL-V,20230926,1
MISTO_ScolL-V,20230927,1
MISTO_ScolL-V,20230928,1
MISTO_ScolL-V,20230929,1
MISTO_ScolL-V,20231002,1
MISTO_ScolL-V,20231003,1
MISTO_ScolL-V,20231004,1
MISTO_ScolL-V,20231005,1
MISTO_ScolL-V,20231006,1
MISTO_ScolL-V,20231009,1
MISTO_ScolL-V,20231010,1
MISTO_ScolL-V,20231011,1
MISTO_ScolL-V,20231012,1
MISTO_ScolL-V,20231013,1
MISTO_ScolL-V,20231016,1
MISTO_ScolL-V,20231017,1
MISTO_ScolL-V,20231018,1
MISTO_ScolL-V,20231019,1
MISTO_ScolL-V,20231020,1
MISTO_ScolL-V,20231023,1
MISTO_ScolL-V,20231024,1
MISTO_ScolL-V,20231025,1
MISTO_ScolL-V,20231026,1
MISTO_ScolL-V,20231027,1
MISTO_ScolL-V,20231030,1
MISTO_ScolL-V,20231031,1
MISTO_ScolL-V,20231103,1
MISTO_ScolL-V,20231106,1
MISTO_ScolL-V,20231107,1
MISTO_ScolL-V,20231108,1
MISTO_ScolL-V,20231109,1
MISTO_ScolL-V,20231110,1
MISTO_ScolL-V,20231113,1
MISTO_ScolL-V,20231114,1
MISTO_ScolL-V,20231115,1
MISTO_ScolL-V,20231116,1
MISTO_ScolL-V,20231117,1
MISTO_ScolL-V,20231120,1
MISTO_ScolL-V,20231121,1
MISTO_ScolL-V,20231122,1
MISTO_ScolL-V,20231123,1
MISTO_ScolL-V,20231124,1
MISTO_ScolL-V,20231127,1
MISTO_ScolL-V,20231128,1
MISTO_ScolL-V,20231129,1
MISTO_ScolL-V,20231130,1
MISTO_ScolL-V,20231201,1
MISTO_ScolL-V,20231204,1
MISTO_ScolL-V,20231205,1
MISTO_ScolL-V,20231206,1
MISTO_ScolL-V,20231207,1
MISTO_ScolL-V,20231211,1
MISTO_ScolL-V,20231212,1
MISTO_ScolL-V,20231213,1
MISTO_ScolL-V,20231214,1
MISTO_ScolL-V,20231215,1
MISTO_ScolL-V,20231218,1
MISTO_ScolL-V,20231219,1
MISTO_ScolL-V,20231220,1
MISTO_ScolL-V,20231221,1
MISTO_ScolL-V,20231222,1
MISTO_ScolLMeGS,20230412,1
MISTO_ScolLMeGS,20230413,1
MISTO_ScolLMeGS,20230415,1
MISTO_ScolLMeGS,20230417,1
MISTO_ScolLMeGS,20230419,1
MISTO_ScolLMeGS,20230420,1
MISTO_ScolLMeGS,20230422,1
MISTO_ScolLMeGS,20230424,1
MISTO_ScolLMeGS,20230426,1
MISTO_ScolLMeGS,20230427,1
MISTO_ScolLMeGS,20230429,1
MISTO_ScolLMeGS,20230503,1
MISTO_ScolLMeGS,20230504,1
MISTO_ScolLMeGS,20230506,1
MISTO_ScolLMeGS,20230508,1
MISTO_ScolLMeGS,20230510,1
MISTO_ScolLMeGS,20230511,1
MISTO_ScolLMeGS,20230513,1
MISTO_ScolLMeGS,20230515,1
MISTO_ScolLMeGS,20230517,1
MISTO_ScolLMeGS,20230518,1
MISTO_ScolLMeGS,20230520,1
MISTO_ScolLMeGS,20230522,1
MISTO_ScolLMeGS,20230524,1
MISTO_ScolLMeGS,20230525,1
MISTO_ScolLMeGS,20230527,1
MISTO_ScolLMeGS,20230529,1
MISTO_ScolLMeGS,20230531,1
MISTO_ScolLMeGS,20230601,1
MISTO_ScolLMeGS,20230603,1
MISTO_ScolLMeGS,20230605,1
MISTO_ScolLMeGS,20230607,1
MISTO_ScolLMeGS,20230918,1
MISTO_ScolLMeGS,20230920,1
MISTO_ScolLMeGS,20230921,1
MISTO_ScolLMeGS,20230923,1
MISTO_ScolLMeGS,20230925,1
MISTO_ScolLMeGS,20230927,1
MISTO_ScolLMeGS,20230928,1
MISTO_ScolLMeGS,20230930,1
MISTO_ScolLMeGS,20231002,1
MISTO_ScolLMeGS,20231004,1
MISTO_ScolLMeGS,20231005,1
MISTO_ScolLMeGS,20231007,1
MISTO_ScolLMeGS,20231009,1
MISTO_ScolLMeGS,20231011,1
MISTO_ScolLMeGS,20231012,1
MISTO_ScolLMeGS,20231014,1
MISTO_ScolLMeGS,20231016,1
MISTO_ScolLMeGS,20231018,1
MISTO_ScolLMeGS,20231019,1
MISTO_ScolLMeGS,20231021,1
MISTO_ScolLMeGS,20231023,1
MISTO_ScolLMeGS,20231025,1
MISTO_ScolLMeGS,20231026,1
MISTO_ScolLMeGS,20231028,1
MISTO_ScolLMeGS,20231030,1
MISTO_ScolLMeGS,20231102,1
MISTO_ScolLMeGS,20231104,1
MISTO_ScolLMeGS,20231106,1
MISTO_ScolLMeGS,20231108,1
MISTO_ScolLMeGS,20231109,1
MISTO_ScolLMeGS,20231111,1
MISTO_ScolLMeGS,20231113,1
MISTO_ScolLMeGS,20231115,1
MISTO_ScolLMeGS,20231116,1
MISTO_ScolLMeGS,20231118,1
MISTO_ScolLMeGS,20231120,1
MISTO_ScolLMeGS,20231122,1
MISTO_ScolLMeGS,20231123,1
MISTO_ScolLMeGS,20231125,1
MISTO_ScolLMeGS,20231127,1
MISTO_ScolLMeGS,20231129,1
MISTO_ScolLMeGS,20231130,1
MISTO_ScolLMeGS,20231202,1
MISTO_ScolLMeGS,20231204,1
MISTO_ScolLMeGS,20231206,1
MISTO_ScolLMeGS,20231207,1
MISTO_ScolLMeGS,20231209,1
MISTO_ScolLMeGS,20231211,1
MISTO_ScolLMeGS,20231213,1
MISTO_ScolLMeGS,20231214,1
MISTO_ScolLMeGS,20231216,1
MISTO_ScolLMeGS,20231218,1
MISTO_ScolLMeGS,20231220,1
MISTO_ScolLMeGS,20231221,1
MISTO_ScolLMeGS,20231223,1
MISTO_ScolMaV,20230411,1
MISTO_ScolMaV,20230414,1
MISTO_ScolMaV,20230418,1
MISTO_ScolMaV,20230421,1
MISTO_ScolMaV,20230428,1
MISTO_ScolMaV,20230502,1
MISTO_ScolMaV,20230505,1
MISTO_ScolMaV,20230509,1
MISTO_ScolMaV,20230512,1
MISTO_ScolMaV,20230516,1
MISTO_ScolMaV,20230519,1
MISTO_ScolMaV,20230523,1
MISTO_ScolMaV,20230526,1
MISTO_ScolMaV,20230530,1
MISTO_ScolMaV,20230606,1
MISTO_ScolMaV,20230919,1
MISTO_ScolMaV,20230922,1
MISTO_ScolMaV,20230926,1
MISTO_ScolMaV,20230929,1
MISTO_ScolMaV,20231003,1
MISTO_ScolMaV,20231006,1
MISTO_ScolMaV,20231010,1
MISTO_ScolMaV,20231013,1
MISTO_ScolMaV,20231017,1
MISTO_ScolMaV,20231020,1
MISTO_ScolMaV,20231024,1
MISTO_ScolMaV,20231027,1
MISTO_ScolMaV,20231031,1
MISTO_ScolMaV,20231103,1
MISTO_ScolMaV,20231107,1
MISTO_ScolMaV,20231110,1
MISTO_ScolMaV,20231114,1
MISTO_ScolMaV,20231117,1
MISTO_ScolMaV,20231121,1
MISTO_ScolMaV,20231124,1
MISTO_ScolMaV,20231128,1
MISTO_ScolMaV,20231201,1
MISTO_ScolMaV,20231205,1
MISTO_ScolMaV,20231212,1
MISTO_ScolMaV,20231215,1
MISTO_ScolMaV,20231219,1
MISTO_ScolMaV,20231222,1
MISTO_ScolS,20230415,1
MISTO_ScolS,20230422,1
MISTO_ScolS,20230429,1
MISTO_ScolS,20230506,1
MISTO_ScolS,20230513,1
MISTO_ScolS,20230520,1
MISTO_ScolS,20230527,1
MISTO_ScolS,20230603,1
MISTO_ScolS,20230923,1
MISTO_ScolS,20230930,1
MISTO_ScolS,20231007,1
MISTO_ScolS,20231014,1
MISTO_ScolS,20231021,1
MISTO_ScolS,20231028,1
MISTO_ScolS,20231104,1
MISTO_ScolS,20231111,1
MISTO_ScolS,20231118,1
MISTO_ScolS,20231125,1
MISTO_ScolS,20231202,1
MISTO_ScolS,20231209,1
MISTO_ScolS,20231216,1
MISTO_ScolS,20231223,1
NScolL-S Nuovo CP,20230608,1
NScolL-S Nuovo CP,20230609,1
NScolL-S Nuovo CP,20230610,1
NScolL-S Nuovo CP,20230612,1
NScolL-S Nuovo CP,20230613,1
NScolL-S Nuovo CP,20230614,1
NScolL-S Nuovo CP,20230615,1
NScolL-S Nuovo CP,20230616,1
NScolL-S Nuovo CP,20230617,1
NScolL-S Nuovo CP,20230619,1
NScolL-S Nuovo CP,20230620,1
NScolL-S Nuovo CP,20230621,1
NScolL-S Nuovo CP,20230622,1
NScolL-S Nuovo CP,20230623,1
NScolL-S Nuovo CP,20230624,1
NScolL-S Nuovo CP,20230626,1
NScolL-S Nuovo CP,20230627,1
NScolL-S Nuovo CP,20230628,1
NScolL-S Nuovo CP,20230629,1
NScolL-S Nuovo CP,20230630,1
NScolL-S Nuovo CP,20230701,1
NScolL-S Nuovo CP,20230703,1
NScolL-S Nuovo CP,20230704,1
NScolL-S Nuovo CP,20230705,1
NScolL-S Nuovo CP,20230706,1
NScolL-S Nuovo CP,20230707,1
NScolL-S Nuovo CP,20230708,1
NScolL-S Nuovo CP,20230710,1
NScolL-S Nuovo CP,20230711,1
NScolL-S Nuovo CP,20230712,1
NScolL-S Nuovo CP,20230713,1
NScolL-S Nuovo CP,20230714,1
NScolL-S Nuovo CP,20230715,1
NScolL-S Nuovo CP,20230717,1
NScolL-S Nuovo CP,20230718,1
NScolL-S Nuovo CP,20230719,1
NScolL-S Nuovo CP,20230720,1
NScolL-S Nuovo CP,20230721,1
NScolL-S Nuovo CP,20230722,1
NScolL-S Nuovo CP,20230724,1
NScolL-S Nuovo CP,20230725,1
NScolL-S Nuovo CP,20230726,1
NScolL-S Nuovo CP,20230727,1
NScolL-S Nuovo CP,20230728,1
NScolL-S Nuovo CP,20230729,1
NScolL-S Nuovo CP,20230731,1
NScolL-S Nuovo CP,20230801,1
NScolL-S Nuovo CP,20230802,1
NScolL-S Nuovo CP,20230803,1
NScolL-S Nuovo CP,20230804,1
NScolL-S Nuovo CP,20230805,1
NScolL-S Nuovo CP,20230807,1
NScolL-S Nuovo CP,20230808,1
NScolL-S Nuovo CP,20230809,1
NScolL-S Nuovo CP,20230810,1
NScolL-S Nuovo CP,20230811,1
NScolL-S Nuovo CP,20230812,1
NScolL-S Nuovo CP,20230814,1
NScolL-S Nuovo CP,20230816,1
NScolL-S Nuovo CP,20230817,1
NScolL-S Nuovo CP,20230818,1
NScolL-S Nuovo CP,20230819,1
NScolL-S Nuovo CP,20230821,1
NScolL-S Nuovo CP,20230822,1
NScolL-S Nuovo CP,20230823,1
NScolL-S Nuovo CP,20230824,1
NScolL-S Nuovo CP,20230825,1
NScolL-S Nuovo CP,20230826,1
NScolL-S Nuovo CP,20230828,1
NScolL-S Nuovo CP,20230829,1
NScolL-S Nuovo CP,20230830,1
NScolL-S Nuovo CP,20230831,1
NScolL-S Nuovo CP,20230901,1
NScolL-S Nuovo CP,20230902,1
NScolL-S Nuovo CP,20230904,1
NScolL-S Nuovo CP,20230905,1
NScolL-S Nuovo CP,20230906,1
NScolL-S Nuovo CP,20230907,1
NScolL-S Nuovo CP,20230908,1
NScolL-S Nuovo CP,20230909,1
NScolL-S Nuovo CP,20230911,1
NScolL-S Nuovo CP,20230912,1
NScolL-S Nuovo CP,20230913,1
NScolL-S Nuovo CP,20230914,1
NScolL-S Nuovo CP,20230915,1
NScolL-S Nuovo CP,20230916,1
NScolL-S,20230406,1
NScolL-S,20230407,1
NScolL-S,20230408,1
NScolL-S,20230411,1
NScolL-S,20230608,1
NScolL-S,20230609,1
NScolL-S,20230610,1
NScolL-S,20230612,1
NScolL-S,20230613,1
NScolL-S,20230614,1
NScolL-S,20230615,1
NScolL-S,20230616,1
NScolL-S,20230617,1
NScolL-S,20230619,1
NScolL-S,20230620,1
NScolL-S,20230621,1
NScolL-S,20230622,1
NScolL-S,20230623,1
NScolL-S,20230624,1
NScolL-S,20230626,1
NScolL-S,20230627,1
NScolL-S,20230628,1
NScolL-S,20230629,1
NScolL-S,20230630,1
NScolL-S,20230701,1
NScolL-S,20230703,1
NScolL-S,20230704,1
NScolL-S,20230705,1
NScolL-S,20230706,1
NScolL-S,20230707,1
NScolL-S,20230708,1
NScolL-S,20230710,1
NScolL-S,20230711,1
NScolL-S,20230712,1
NScolL-S,20230713,1
NScolL-S,20230714,1
NScolL-S,20230715,1
NScolL-S,20230717,1
NScolL-S,20230718,1
NScolL-S,20230719,1
NScolL-S,20230720,1
NScolL-S,20230721,1
NScolL-S,20230722,1
NScolL-S,20230724,1
NScolL-S,20230725,1
NScolL-S,20230726,1
NScolL-S,20230727,1
NScolL-S,20230728,1
NScolL-S,20230729,1
NScolL-S,20230731,1
NScolL-S,20230801,1
NScolL-S,20230802,1
NScolL-S,20230803,1
NScolL-S,20230804,1
NScolL-S,20230805,1
NScolL-S,20230807,1
NScolL-S,20230808,1
NScolL-S,20230809,1
NScolL-S,20230810,1
NScolL-S,20230811,1
NScolL-S,20230812,1
NScolL-S,20230814,1
NScolL-S,20230816,1
NScolL-S,20230817,1
NScolL-S,20230818,1
NScolL-S,20230819,1
NScolL-S,20230821,1
NScolL-S,20230822,1
NScolL-S,20230823,1
NScolL-S,20230824,1
NScolL-S,20230825,1
NScolL-S,20230826,1
NScolL-S,20230828,1
NScolL-S,20230829,1
NScolL-S,20230830,1
NScolL-S,20230831,1
NScolL-S,20230901,1
NScolL-S,20230902,1
NScolL-S,20230904,1
NScolL-S,20230905,1
NScolL-S,20230906,1
NScolL-S,20230907,1
NScolL-S,20230908,1
NScolL-S,20230909,1
NScolL-S,20230911,1
NScolL-S,20230912,1
NScolL-S,20230913,1
NScolL-S,20230914,1
NScolL-S,20230915,1
NScolL-S,20230916,1
NScolL-S,20231102,1
NScolL-S,20231227,1
NScolL-S,20231228,1
NScolL-S,20231229,1
NScolL-S,20231230,1
NScolL-S_SCMOD,20230406,1
NScolL-S_SCMOD,20230407,1
NScolL-S_SCMOD,20230408,1
NScolL-S_SCMOD,20230411,1
NScolL-S_SCMOD,20230608,1
NScolL-S_SCMOD,20230609,1
NScolL-S_SCMOD,20230610,1
NScolL-S_SCMOD,20230612,1
NScolL-S_SCMOD,20230613,1
NScolL-S_SCMOD,20230614,1
NScolL-S_SCMOD,20230615,1
NScolL-S_SCMOD,20230616,1
NScolL-S_SCMOD,20230617,1
NScolL-S_SCMOD,20230619,1
NScolL-S_SCMOD,20230620,1
NScolL-S_SCMOD,20230621,1
NScolL-S_SCMOD,20230622,1
NScolL-S_SCMOD,20230623,1
NScolL-S_SCMOD,20230624,1
NScolL-S_SCMOD,20230626,1
NScolL-S_SCMOD,20230627,1
NScolL-S_SCMOD,20230628,1
NScolL-S_SCMOD,20230629,1
NScolL-S_SCMOD,20230630,1
NScolL-S_SCMOD,20230701,1
NScolL-S_SCMOD,20230703,1
NScolL-S_SCMOD,20230704,1
NScolL-S_SCMOD,20230705,1
NScolL-S_SCMOD,20230706,1
NScolL-S_SCMOD,20230707,1
NScolL-S_SCMOD,20230708,1
NScolL-S_SCMOD,20230710,1
NScolL-S_SCMOD,20230711,1
NScolL-S_SCMOD,20230712,1
NScolL-S_SCMOD,20230713,1
NScolL-S_SCMOD,20230714,1
NScolL-S_SCMOD,20230715,1
NScolL-S_SCMOD,20230717,1
NScolL-S_SCMOD,20230718,1
NScolL-S_SCMOD,20230719,1
NScolL-S_SCMOD,20230720,1
NScolL-S_SCMOD,20230721,1
NScolL-S_SCMOD,20230722,1
NScolL-S_SCMOD,20230724,1
NScolL-S_SCMOD,20230725,1
NScolL-S_SCMOD,20230726,1
NScolL-S_SCMOD,20230727,1
NScolL-S_SCMOD,20230728,1
NScolL-S_SCMOD,20230729,1
NScolL-S_SCMOD,20230731,1
NScolL-S_SCMOD,20230801,1
NScolL-S_SCMOD,20230802,1
NScolL-S_SCMOD,20230803,1
NScolL-S_SCMOD,20230804,1
NScolL-S_SCMOD,20230805,1
NScolL-S_SCMOD,20230807,1
NScolL-S_SCMOD,20230808,1
NScolL-S_SCMOD,20230809,1
NScolL-S_SCMOD,20230810,1
NScolL-S_SCMOD,20230811,1
NScolL-S_SCMOD,20230812,1
NScolL-S_SCMOD,20230814,1
NScolL-S_SCMOD,20230816,1
NScolL-S_SCMOD,20230817,1
NScolL-S_SCMOD,20230818,1
NScolL-S_SCMOD,20230819,1
NScolL-S_SCMOD,20230821,1
NScolL-S_SCMOD,20230822,1
NScolL-S_SCMOD,20230823,1
NScolL-S_SCMOD,20230824,1
NScolL-S_SCMOD,20230825,1
NScolL-S_SCMOD,20230826,1
NScolL-S_SCMOD,20230828,1
NScolL-S_SCMOD,20230829,1
NScolL-S_SCMOD,20230830,1
NScolL-S_SCMOD,20230831,1
NScolL-S_SCMOD,20230901,1
NScolL-S_SCMOD,20230902,1
NScolL-S_SCMOD,20230904,1
NScolL-S_SCMOD,20230905,1
NScolL-S_SCMOD,20230906,1
NScolL-S_SCMOD,20230907,1
NScolL-S_SCMOD,20230908,1
NScolL-S_SCMOD,20230909,1
NScolL-S_SCMOD,20230911,1
NScolL-S_SCMOD,20230912,1
NScolL-S_SCMOD,20230913,1
NScolL-S_SCMOD,20230914,1
NScolL-S_SCMOD,20230915,1
NScolL-S_SCMOD,20230916,1
NScolL-S_SCMOD,20231102,1
NScolL-S_SCMOD,20231227,1
NScolL-S_SCMOD,20231228,1
NScolL-S_SCMOD,20231229,1
NScolL-S_SCMOD,20231230,1
NScolL-V Nuovo CP,20230608,1
NScolL-V Nuovo CP,20230609,1
NScolL-V Nuovo CP,20230612,1
NScolL-V Nuovo CP,20230613,1
NScolL-V Nuovo CP,20230614,1
NScolL-V Nuovo CP,20230615,1
NScolL-V Nuovo CP,20230616,1
NScolL-V Nuovo CP,20230619,1
NScolL-V Nuovo CP,20230620,1
NScolL-V Nuovo CP,20230621,1
NScolL-V Nuovo CP,20230622,1
NScolL-V Nuovo CP,20230623,1
NScolL-V Nuovo CP,20230626,1
NScolL-V Nuovo CP,20230627,1
NScolL-V Nuovo CP,20230628,1
NScolL-V Nuovo CP,20230629,1
NScolL-V Nuovo CP,20230630,1
NScolL-V Nuovo CP,20230703,1
NScolL-V Nuovo CP,20230704,1
NScolL-V Nuovo CP,20230705,1
NScolL-V Nuovo CP,20230706,1
NScolL-V Nuovo CP,20230707,1
NScolL-V Nuovo CP,20230710,1
NScolL-V Nuovo CP,20230711,1
NScolL-V Nuovo CP,20230712,1
NScolL-V Nuovo CP,20230713,1
NScolL-V Nuovo CP,20230714,1
NScolL-V Nuovo CP,20230717,1
NScolL-V Nuovo CP,20230718,1
NScolL-V Nuovo CP,20230719,1
NScolL-V Nuovo CP,20230720,1
NScolL-V Nuovo CP,20230721,1
NScolL-V Nuovo CP,20230724,1
NScolL-V Nuovo CP,20230725,1
NScolL-V Nuovo CP,20230726,1
NScolL-V Nuovo CP,20230727,1
NScolL-V Nuovo CP,20230728,1
NScolL-V Nuovo CP,20230731,1
NScolL-V Nuovo CP,20230801,1
NScolL-V Nuovo CP,20230802,1
NScolL-V Nuovo CP,20230803,1
NScolL-V Nuovo CP,20230804,1
NScolL-V Nuovo CP,20230807,1
NScolL-V Nuovo CP,20230808,1
NScolL-V Nuovo CP,20230809,1
NScolL-V Nuovo CP,20230810,1
NScolL-V Nuovo CP,20230811,1
NScolL-V Nuovo CP,20230814,1
NScolL-V Nuovo CP,20230816,1
NScolL-V Nuovo CP,20230817,1
NScolL-V Nuovo CP,20230818,1
NScolL-V Nuovo CP,20230821,1
NScolL-V Nuovo CP,20230822,1
NScolL-V Nuovo CP,20230823,1
NScolL-V Nuovo CP,20230824,1
NScolL-V Nuovo CP,20230825,1
NScolL-V Nuovo CP,20230828,1
NScolL-V Nuovo CP,20230829,1
NScolL-V Nuovo CP,20230830,1
NScolL-V Nuovo CP,20230831,1
NScolL-V Nuovo CP,20230901,1
NScolL-V Nuovo CP,20230904,1
NScolL-V Nuovo CP,20230905,1
NScolL-V Nuovo CP,20230906,1
NScolL-V Nuovo CP,20230907,1
NScolL-V Nuovo CP,20230908,1
NScolL-V Nuovo CP,20230911,1
NScolL-V Nuovo CP,20230912,1
NScolL-V Nuovo CP,20230913,1
NScolL-V Nuovo CP,20230914,1
NScolL-V Nuovo CP,20230915,1
NScolL-V SCCFR,20230406,1
NScolL-V SCCFR,20230407,1
NScolL-V SCCFR,20230411,1
NScolL-V SCCFR,20230608,1
NScolL-V SCCFR,20230609,1
NScolL-V SCCFR,20230612,1
NScolL-V SCCFR,20230613,1
NScolL-V SCCFR,20230614,1
NScolL-V SCCFR,20230615,1
NScolL-V SCCFR,20230616,1
NScolL-V SCCFR,20230619,1
NScolL-V SCCFR,20230620,1
NScolL-V SCCFR,20230621,1
NScolL-V SCCFR,20230622,1
NScolL-V SCCFR,20230623,1
NScolL-V SCCFR,20230626,1
NScolL-V SCCFR,20230627,1
NScolL-V SCCFR,20230628,1
NScolL-V SCCFR,20230629,1
NScolL-V SCCFR,20230630,1
NScolL-V SCCFR,20230703,1
NScolL-V SCCFR,20230704,1
NScolL-V SCCFR,20230705,1
NScolL-V SCCFR,20230706,1
NScolL-V SCCFR,20230707,1
NScolL-V SCCFR,20230710,1
NScolL-V SCCFR,20230711,1
NScolL-V SCCFR,20230712,1
NScolL-V SCCFR,20230713,1
NScolL-V SCCFR,20230714,1
NScolL-V SCCFR,20230717,1
NScolL-V SCCFR,20230718,1
NScolL-V SCCFR,20230719,1
NScolL-V SCCFR,20230720,1
NScolL-V SCCFR,20230721,1
NScolL-V SCCFR,20230724,1
NScolL-V SCCFR,20230725,1
NScolL-V SCCFR,20230726,1
NScolL-V SCCFR,20230727,1
NScolL-V SCCFR,20230728,1
NScolL-V SCCFR,20230731,1
NScolL-V SCCFR,20230801,1
NScolL-V SCCFR,20230802,1
NScolL-V SCCFR,20230803,1
NScolL-V SCCFR,20230804,1
NScolL-V SCCFR,20230807,1
NScolL-V SCCFR,20230808,1
NScolL-V SCCFR,20230809,1
NScolL-V SCCFR,20230810,1
NScolL-V SCCFR,20230811,1
NScolL-V SCCFR,20230814,1
NScolL-V SCCFR,20230816,1
NScolL-V SCCFR,20230817,1
NScolL-V SCCFR,20230818,1
NScolL-V SCCFR,20230821,1
NScolL-V SCCFR,20230822,1
NScolL-V SCCFR,20230823,1
NScolL-V SCCFR,20230824,1
NScolL-V SCCFR,20230825,1
NScolL-V SCCFR,20230828,1
NScolL-V SCCFR,20230829,1
NScolL-V SCCFR,20230830,1
NScolL-V SCCFR,20230831,1
NScolL-V SCCFR,20230901,1
NScolL-V SCCFR,20230904,1
NScolL-V SCCFR,20230905,1
NScolL-V SCCFR,20230906,1
NScolL-V SCCFR,20230907,1
NScolL-V SCCFR,20230908,1
NScolL-V SCCFR,20230911,1
NScolL-V SCCFR,20230912,1
NScolL-V SCCFR,20230913,1
NScolL-V SCCFR,20230914,1
NScolL-V SCCFR,20230915,1
NScolL-V SCCFR,20231102,1
NScolL-V SCCFR,20231227,1
NScolL-V SCCFR,20231228,1
NScolL-V SCCFR,20231229,1
NScolL-V,20230406,1
NScolL-V,20230407,1
NScolL-V,20230411,1
NScolL-V,20230608,1
NScolL-V,20230609,1
NScolL-V,20230612,1
NScolL-V,20230613,1
NScolL-V,20230614,1
NScolL-V,20230615,1
NScolL-V,20230616,1
NScolL-V,20230619,1
NScolL-V,20230620,1
NScolL-V,20230621,1
NScolL-V,20230622,1
NScolL-V,20230623,1
NScolL-V,20230626,1
NScolL-V,20230627,1
NScolL-V,20230628,1
NScolL-V,20230629,1
NScolL-V,20230630,1
NScolL-V,20230703,1
NScolL-V,20230704,1
NScolL-V,20230705,1
NScolL-V,20230706,1
NScolL-V,20230707,1
NScolL-V,20230710,1
NScolL-V,20230711,1
NScolL-V,20230712,1
NScolL-V,20230713,1
NScolL-V,20230714,1
NScolL-V,20230717,1
NScolL-V,20230718,1
NScolL-V,20230719,1
NScolL-V,20230720,1
NScolL-V,20230721,1
NScolL-V,20230724,1
NScolL-V,20230725,1
NScolL-V,20230726,1
NScolL-V,20230727,1
NScolL-V,20230728,1
NScolL-V,20230731,1
NScolL-V,20230801,1
NScolL-V,20230802,1
NScolL-V,20230803,1
NScolL-V,20230804,1
NScolL-V,20230807,1
NScolL-V,20230808,1
NScolL-V,20230809,1
NScolL-V,20230810,1
NScolL-V,20230811,1
NScolL-V,20230814,1
NScolL-V,20230816,1
NScolL-V,20230817,1
NScolL-V,20230818,1
NScolL-V,20230821,1
NScolL-V,20230822,1
NScolL-V,20230823,1
NScolL-V,20230824,1
NScolL-V,20230825,1
NScolL-V,20230828,1
NScolL-V,20230829,1
NScolL-V,20230830,1
NScolL-V,20230831,1
NScolL-V,20230901,1
NScolL-V,20230904,1
NScolL-V,20230905,1
NScolL-V,20230906,1
NScolL-V,20230907,1
NScolL-V,20230908,1
NScolL-V,20230911,1
NScolL-V,20230912,1
NScolL-V,20230913,1
NScolL-V,20230914,1
NScolL-V,20230915,1
NScolL-V,20231102,1
NScolL-V,20231227,1
NScolL-V,20231228,1
NScolL-V,20231229,1
NScolLSCMAR,20231102,1
NScolL_SCCFR,20230612,1
NScolL_SCCFR,20230619,1
NScolL_SCCFR,20230626,1
NScolL_SCCFR,20230703,1
NScolL_SCCFR,20230710,1
NScolL_SCCFR,20230717,1
NScolL_SCCFR,20230724,1
NScolL_SCCFR,20230731,1
NScolL_SCCFR,20230807,1
NScolL_SCCFR,20230814,1
NScolL_SCCFR,20230821,1
NScolL_SCCFR,20230828,1
NScolL_SCCFR,20230904,1
NScolL_SCCFR,20230911,1
NScolMMGV_SCCFR,20230406,1
NScolMMGV_SCCFR,20230407,1
NScolMMGV_SCCFR,20230411,1
NScolMMGV_SCCFR,20230608,1
NScolMMGV_SCCFR,20230609,1
NScolMMGV_SCCFR,20230613,1
NScolMMGV_SCCFR,20230614,1
NScolMMGV_SCCFR,20230615,1
NScolMMGV_SCCFR,20230616,1
NScolMMGV_SCCFR,20230620,1
NScolMMGV_SCCFR,20230621,1
NScolMMGV_SCCFR,20230622,1
NScolMMGV_SCCFR,20230623,1
NScolMMGV_SCCFR,20230627,1
NScolMMGV_SCCFR,20230628,1
NScolMMGV_SCCFR,20230629,1
NScolMMGV_SCCFR,20230630,1
NScolMMGV_SCCFR,20230704,1
NScolMMGV_SCCFR,20230705,1
NScolMMGV_SCCFR,20230706,1
NScolMMGV_SCCFR,20230707,1
NScolMMGV_SCCFR,20230711,1
NScolMMGV_SCCFR,20230712,1
NScolMMGV_SCCFR,20230713,1
NScolMMGV_SCCFR,20230714,1
NScolMMGV_SCCFR,20230718,1
NScolMMGV_SCCFR,20230719,1
NScolMMGV_SCCFR,20230720,1
NScolMMGV_SCCFR,20230721,1
NScolMMGV_SCCFR,20230725,1
NScolMMGV_SCCFR,20230726,1
NScolMMGV_SCCFR,20230727,1
NScolMMGV_SCCFR,20230728,1
NScolMMGV_SCCFR,20230801,1
NScolMMGV_SCCFR,20230802,1
NScolMMGV_SCCFR,20230803,1
NScolMMGV_SCCFR,20230804,1
NScolMMGV_SCCFR,20230808,1
NScolMMGV_SCCFR,20230809,1
NScolMMGV_SCCFR,20230810,1
NScolMMGV_SCCFR,20230811,1
NScolMMGV_SCCFR,20230816,1
NScolMMGV_SCCFR,20230817,1
NScolMMGV_SCCFR,20230818,1
NScolMMGV_SCCFR,20230822,1
NScolMMGV_SCCFR,20230823,1
NScolMMGV_SCCFR,20230824,1
NScolMMGV_SCCFR,20230825,1
NScolMMGV_SCCFR,20230829,1
NScolMMGV_SCCFR,20230830,1
NScolMMGV_SCCFR,20230831,1
NScolMMGV_SCCFR,20230901,1
NScolMMGV_SCCFR,20230905,1
NScolMMGV_SCCFR,20230906,1
NScolMMGV_SCCFR,20230907,1
NScolMMGV_SCCFR,20230908,1
NScolMMGV_SCCFR,20230912,1
NScolMMGV_SCCFR,20230913,1
NScolMMGV_SCCFR,20230914,1
NScolMMGV_SCCFR,20230915,1
NScolMMGV_SCCFR,20231102,1
NScolMMGV_SCCFR,20231227,1
NScolMMGV_SCCFR,20231228,1
NScolMMGV_SCCFR,20231229,1
NScolMMGV_SCCFR_PB,20230406,1
NScolMMGV_SCCFR_PB,20230407,1
NScolMMGV_SCCFR_PB,20230411,1
NScolMMGV_SCCFR_PB,20230608,1
NScolMMGV_SCCFR_PB,20230609,1
NScolMMGV_SCCFR_PB,20230613,1
NScolMMGV_SCCFR_PB,20230614,1
NScolMMGV_SCCFR_PB,20230615,1
NScolMMGV_SCCFR_PB,20230616,1
NScolMMGV_SCCFR_PB,20230620,1
NScolMMGV_SCCFR_PB,20230621,1
NScolMMGV_SCCFR_PB,20230622,1
NScolMMGV_SCCFR_PB,20230623,1
NScolMMGV_SCCFR_PB,20230627,1
NScolMMGV_SCCFR_PB,20230628,1
NScolMMGV_SCCFR_PB,20230629,1
NScolMMGV_SCCFR_PB,20230630,1
NScolMMGV_SCCFR_PB,20230704,1
NScolMMGV_SCCFR_PB,20230705,1
NScolMMGV_SCCFR_PB,20230706,1
NScolMMGV_SCCFR_PB,20230707,1
NScolMMGV_SCCFR_PB,20230711,1
NScolMMGV_SCCFR_PB,20230712,1
NScolMMGV_SCCFR_PB,20230713,1
NScolMMGV_SCCFR_PB,20230714,1
NScolMMGV_SCCFR_PB,20230718,1
NScolMMGV_SCCFR_PB,20230719,1
NScolMMGV_SCCFR_PB,20230720,1
NScolMMGV_SCCFR_PB,20230721,1
NScolMMGV_SCCFR_PB,20230725,1
NScolMMGV_SCCFR_PB,20230726,1
NScolMMGV_SCCFR_PB,20230727,1
NScolMMGV_SCCFR_PB,20230728,1
NScolMMGV_SCCFR_PB,20230801,1
NScolMMGV_SCCFR_PB,20230802,1
NScolMMGV_SCCFR_PB,20230803,1
NScolMMGV_SCCFR_PB,20230804,1
NScolMMGV_SCCFR_PB,20230808,1
NScolMMGV_SCCFR_PB,20230809,1
NScolMMGV_SCCFR_PB,20230810,1
NScolMMGV_SCCFR_PB,20230811,1
NScolMMGV_SCCFR_PB,20230816,1
NScolMMGV_SCCFR_PB,20230817,1
NScolMMGV_SCCFR_PB,20230818,1
NScolMMGV_SCCFR_PB,20230822,1
NScolMMGV_SCCFR_PB,20230823,1
NScolMMGV_SCCFR_PB,20230824,1
NScolMMGV_SCCFR_PB,20230825,1
NScolMMGV_SCCFR_PB,20230829,1
NScolMMGV_SCCFR_PB,20230830,1
NScolMMGV_SCCFR_PB,20230831,1
NScolMMGV_SCCFR_PB,20230901,1
NScolMMGV_SCCFR_PB,20230905,1
NScolMMGV_SCCFR_PB,20230906,1
NScolMMGV_SCCFR_PB,20230907,1
NScolMMGV_SCCFR_PB,20230908,1
NScolMMGV_SCCFR_PB,20230912,1
NScolMMGV_SCCFR_PB,20230913,1
NScolMMGV_SCCFR_PB,20230914,1
NScolMMGV_SCCFR_PB,20230915,1
NScolMMGV_SCCFR_PB,20231102,1
NScolMMGV_SCCFR_PB,20231227,1
NScolMMGV_SCCFR_PB,20231228,1
NScolMMGV_SCCFR_PB,20231229,1
NScolMMV,20230407,1
NScolMMV,20230411,1
NScolMMV,20230609,1
NScolMMV,20230613,1
NScolMMV,20230614,1
NScolMMV,20230616,1
NScolMMV,20230620,1
NScolMMV,20230621,1
NScolMMV,20230623,1
NScolMMV,20230627,1
NScolMMV,20230628,1
NScolMMV,20230630,1
NScolMMV,20230704,1
NScolMMV,20230705,1
NScolMMV,20230707,1
NScolMMV,20230711,1
NScolMMV,20230712,1
NScolMMV,20230714,1
NScolMMV,20230718,1
NScolMMV,20230719,1
NScolMMV,20230721,1
NScolMMV,20230725,1
NScolMMV,20230726,1
NScolMMV,20230728,1
NScolMMV,20230801,1
NScolMMV,20230802,1
NScolMMV,20230804,1
NScolMMV,20230808,1
NScolMMV,20230809,1
NScolMMV,20230811,1
NScolMMV,20230816,1
NScolMMV,20230818,1
NScolMMV,20230822,1
NScolMMV,20230823,1
NScolMMV,20230825,1
NScolMMV,20230829,1
NScolMMV,20230830,1
NScolMMV,20230901,1
NScolMMV,20230905,1
NScolMMV,20230906,1
NScolMMV,20230908,1
NScolMMV,20230912,1
NScolMMV,20230913,1
NScolMMV,20230915,1
NScolMMV,20231227,1
NScolMMV,20231229,1
NScolMaV,20230407,1
NScolMaV,20230411,1
NScolMaV,20230609,1
NScolMaV,20230613,1
NScolMaV,20230616,1
NScolMaV,20230620,1
NScolMaV,20230623,1
NScolMaV,20230627,1
NScolMaV,20230630,1
NScolMaV,20230704,1
NScolMaV,20230707,1
NScolMaV,20230711,1
NScolMaV,20230714,1
NScolMaV,20230718,1
NScolMaV,20230721,1
NScolMaV,20230725,1
NScolMaV,20230728,1
NScolMaV,20230801,1
NScolMaV,20230804,1
NScolMaV,20230808,1
NScolMaV,20230811,1
NScolMaV,20230818,1
NScolMaV,20230822,1
NScolMaV,20230825,1
NScolMaV,20230829,1
NScolMaV,20230901,1
NScolMaV,20230905,1
NScolMaV,20230908,1
NScolMaV,20230912,1
NScolMaV,20230915,1
NScolMaV,20231229,1
NScolMe,20230614,1
NScolMe,20230621,1
NScolMe,20230628,1
NScolMe,20230705,1
NScolMe,20230712,1
NScolMe,20230719,1
NScolMe,20230726,1
NScolMe,20230802,1
NScolMe,20230809,1
NScolMe,20230816,1
NScolMe,20230823,1
NScolMe,20230830,1
NScolMe,20230906,1
NScolMe,20230913,1
NScolMe,20231227,1
NScolS,20230408,1
NScolS,20230610,1
NScolS,20230617,1
NScolS,20230624,1
NScolS,20230701,1
NScolS,20230708,1
NScolS,20230715,1
NScolS,20230722,1
NScolS,20230729,1
NScolS,20230805,1
NScolS,20230812,1
NScolS,20230819,1
NScolS,20230826,1
NScolS,20230902,1
NScolS,20230909,1
NScolS,20230916,1
NScolS,20231230,1
NScolV,20230407,1
NScolV,20230609,1
NScolV,20230616,1
NScolV,20230623,1
NScolV,20230630,1
NScolV,20230707,1
NScolV,20230714,1
NScolV,20230721,1
NScolV,20230728,1
NScolV,20230804,1
NScolV,20230811,1
NScolV,20230818,1
NScolV,20230825,1
NScolV,20230901,1
NScolV,20230908,1
NScolV,20230915,1
NScolV,20231006,1
NScolV,20231229,1
Nscol poten linea 2l,20231102,1
NscolG,20230406,1
NscolG,20230608,1
NscolG,20230615,1
NscolG,20230622,1
NscolG,20230629,1
NscolG,20230706,1
NscolG,20230713,1
NscolG,20230720,1
NscolG,20230727,1
NscolG,20230803,1
NscolG,20230810,1
NscolG,20230817,1
NscolG,20230824,1
NscolG,20230831,1
NscolG,20230907,1
NscolG,20230914,1
NscolG,20231102,1
NscolG,20231228,1
NscolL-Surb,20230406,1
NscolL-Surb,20230407,1
NscolL-Surb,20230408,1
NscolL-Surb,20230411,1
NscolL-Surb,20230608,1
NscolL-Surb,20230609,1
NscolL-Surb,20230610,1
NscolL-Surb,20230612,1
NscolL-Surb,20230613,1
NscolL-Surb,20230614,1
NscolL-Surb,20230615,1
NscolL-Surb,20230616,1
NscolL-Surb,20230617,1
NscolL-Surb,20230619,1
NscolL-Surb,20230620,1
NscolL-Surb,20230621,1
NscolL-Surb,20230622,1
NscolL-Surb,20230623,1
NscolL-Surb,20230624,1
NscolL-Surb,20230626,1
NscolL-Surb,20230627,1
NscolL-Surb,20230628,1
NscolL-Surb,20230629,1
NscolL-Surb,20230630,1
NscolL-Surb,20230701,1
NscolL-Surb,20230703,1
NscolL-Surb,20230704,1
NscolL-Surb,20230705,1
NscolL-Surb,20230706,1
NscolL-Surb,20230707,1
NscolL-Surb,20230708,1
NscolL-Surb,20230710,1
NscolL-Surb,20230711,1
NscolL-Surb,20230712,1
NscolL-Surb,20230713,1
NscolL-Surb,20230714,1
NscolL-Surb,20230715,1
NscolL-Surb,20230717,1
NscolL-Surb,20230718,1
NscolL-Surb,20230719,1
NscolL-Surb,20230720,1
NscolL-Surb,20230721,1
NscolL-Surb,20230722,1
NscolL-Surb,20230724,1
NscolL-Surb,20230725,1
NscolL-Surb,20230726,1
NscolL-Surb,20230727,1
NscolL-Surb,20230728,1
NscolL-Surb,20230729,1
NscolL-Surb,20230828,1
NscolL-Surb,20230829,1
NscolL-Surb,20230830,1
NscolL-Surb,20230831,1
NscolL-Surb,20230901,1
NscolL-Surb,20230902,1
NscolL-Surb,20230904,1
NscolL-Surb,20230905,1
NscolL-Surb,20230906,1
NscolL-Surb,20230907,1
NscolL-Surb,20230908,1
NscolL-Surb,20230909,1
NscolL-Surb,20230911,1
NscolL-Surb,20230912,1
NscolL-Surb,20230913,1
NscolL-Surb,20230914,1
NscolL-Surb,20230915,1
NscolL-Surb,20230916,1
NscolL-Surb,20231102,1
NscolLMMV,20230407,1
NscolLMMV,20230411,1
NscolLMMV,20230609,1
NscolLMMV,20230612,1
NscolLMMV,20230613,1
NscolLMMV,20230614,1
NscolLMMV,20230616,1
NscolLMMV,20230619,1
NscolLMMV,20230620,1
NscolLMMV,20230621,1
NscolLMMV,20230623,1
NscolLMMV,20230626,1
NscolLMMV,20230627,1
NscolLMMV,20230628,1
NscolLMMV,20230630,1
NscolLMMV,20230703,1
NscolLMMV,20230704,1
NscolLMMV,20230705,1
NscolLMMV,20230707,1
NscolLMMV,20230710,1
NscolLMMV,20230711,1
NscolLMMV,20230712,1
NscolLMMV,20230714,1
NscolLMMV,20230717,1
NscolLMMV,20230718,1
NscolLMMV,20230719,1
NscolLMMV,20230721,1
NscolLMMV,20230724,1
NscolLMMV,20230725,1
NscolLMMV,20230726,1
NscolLMMV,20230728,1
NscolLMMV,20230731,1
NscolLMMV,20230801,1
NscolLMMV,20230802,1
NscolLMMV,20230804,1
NscolLMMV,20230807,1
NscolLMMV,20230808,1
NscolLMMV,20230809,1
NscolLMMV,20230811,1
NscolLMMV,20230814,1
NscolLMMV,20230816,1
NscolLMMV,20230818,1
NscolLMMV,20230821,1
NscolLMMV,20230822,1
NscolLMMV,20230823,1
NscolLMMV,20230825,1
NscolLMMV,20230828,1
NscolLMMV,20230829,1
NscolLMMV,20230830,1
NscolLMMV,20230901,1
NscolLMMV,20230904,1
NscolLMMV,20230905,1
NscolLMMV,20230906,1
NscolLMMV,20230908,1
NscolLMMV,20230911,1
NscolLMMV,20230912,1
NscolLMMV,20230913,1
NscolLMMV,20230915,1
NscolLMMV,20231227,1
NscolLMMV,20231229,1
NscolLMMVCP,20230609,1
NscolLMMVCP,20230612,1
NscolLMMVCP,20230613,1
NscolLMMVCP,20230614,1
NscolLMMVCP,20230616,1
NscolLMMVCP,20230619,1
NscolLMMVCP,20230620,1
NscolLMMVCP,20230621,1
NscolLMMVCP,20230623,1
NscolLMMVCP,20230626,1
NscolLMMVCP,20230627,1
NscolLMMVCP,20230628,1
NscolLMMVCP,20230630,1
NscolLMMVCP,20230703,1
NscolLMMVCP,20230704,1
NscolLMMVCP,20230705,1
NscolLMMVCP,20230707,1
NscolLMMVCP,20230710,1
NscolLMMVCP,20230711,1
NscolLMMVCP,20230712,1
NscolLMMVCP,20230714,1
NscolLMMVCP,20230717,1
NscolLMMVCP,20230718,1
NscolLMMVCP,20230719,1
NscolLMMVCP,20230721,1
NscolLMMVCP,20230724,1
NscolLMMVCP,20230725,1
NscolLMMVCP,20230726,1
NscolLMMVCP,20230728,1
NscolLMMVCP,20230731,1
NscolLMMVCP,20230801,1
NscolLMMVCP,20230802,1
NscolLMMVCP,20230804,1
NscolLMMVCP,20230807,1
NscolLMMVCP,20230808,1
NscolLMMVCP,20230809,1
NscolLMMVCP,20230811,1
NscolLMMVCP,20230814,1
NscolLMMVCP,20230816,1
NscolLMMVCP,20230818,1
NscolLMMVCP,20230821,1
NscolLMMVCP,20230822,1
NscolLMMVCP,20230823,1
NscolLMMVCP,20230825,1
NscolLMMVCP,20230828,1
NscolLMMVCP,20230829,1
NscolLMMVCP,20230830,1
NscolLMMVCP,20230901,1
NscolLMMVCP,20230904,1
NscolLMMVCP,20230905,1
NscolLMMVCP,20230906,1
NscolLMMVCP,20230908,1
NscolLMMVCP,20230911,1
NscolLMMVCP,20230912,1
NscolLMMVCP,20230913,1
NscolLMMVCP,20230915,1
NscolLMMVSCP,20230609,1
NscolLMMVSCP,20230610,1
NscolLMMVSCP,20230612,1
NscolLMMVSCP,20230613,1
NscolLMMVSCP,20230614,1
NscolLMMVSCP,20230616,1
NscolLMMVSCP,20230617,1
NscolLMMVSCP,20230619,1
NscolLMMVSCP,20230620,1
NscolLMMVSCP,20230621,1
NscolLMMVSCP,20230623,1
NscolLMMVSCP,20230624,1
NscolLMMVSCP,20230626,1
NscolLMMVSCP,20230627,1
NscolLMMVSCP,20230628,1
NscolLMMVSCP,20230630,1
NscolLMMVSCP,20230701,1
NscolLMMVSCP,20230703,1
NscolLMMVSCP,20230704,1
NscolLMMVSCP,20230705,1
NscolLMMVSCP,20230707,1
NscolLMMVSCP,20230708,1
NscolLMMVSCP,20230710,1
NscolLMMVSCP,20230711,1
NscolLMMVSCP,20230712,1
NscolLMMVSCP,20230714,1
NscolLMMVSCP,20230715,1
NscolLMMVSCP,20230717,1
NscolLMMVSCP,20230718,1
NscolLMMVSCP,20230719,1
NscolLMMVSCP,20230721,1
NscolLMMVSCP,20230722,1
NscolLMMVSCP,20230724,1
NscolLMMVSCP,20230725,1
NscolLMMVSCP,20230726,1
NscolLMMVSCP,20230728,1
NscolLMMVSCP,20230729,1
NscolLMMVSCP,20230731,1
NscolLMMVSCP,20230801,1
NscolLMMVSCP,20230802,1
NscolLMMVSCP,20230804,1
NscolLMMVSCP,20230805,1
NscolLMMVSCP,20230807,1
NscolLMMVSCP,20230808,1
NscolLMMVSCP,20230809,1
NscolLMMVSCP,20230811,1
NscolLMMVSCP,20230812,1
NscolLMMVSCP,20230814,1
NscolLMMVSCP,20230816,1
NscolLMMVSCP,20230818,1
NscolLMMVSCP,20230819,1
NscolLMMVSCP,20230821,1
NscolLMMVSCP,20230822,1
NscolLMMVSCP,20230823,1
NscolLMMVSCP,20230825,1
NscolLMMVSCP,20230826,1
NscolLMMVSCP,20230828,1
NscolLMMVSCP,20230829,1
NscolLMMVSCP,20230830,1
NscolLMMVSCP,20230901,1
NscolLMMVSCP,20230902,1
NscolLMMVSCP,20230904,1
NscolLMMVSCP,20230905,1
NscolLMMVSCP,20230906,1
NscolLMMVSCP,20230908,1
NscolLMMVSCP,20230909,1
NscolLMMVSCP,20230911,1
NscolLMMVSCP,20230912,1
NscolLMMVSCP,20230913,1
NscolLMMVSCP,20230915,1
NscolLMMVSCP,20230916,1
NscolL_SCCFR_PB,20230612,1
NscolL_SCCFR_PB,20230619,1
NscolL_SCCFR_PB,20230626,1
NscolL_SCCFR_PB,20230703,1
NscolL_SCCFR_PB,20230710,1
NscolL_SCCFR_PB,20230717,1
NscolL_SCCFR_PB,20230724,1
NscolL_SCCFR_PB,20230731,1
NscolL_SCCFR_PB,20230807,1
NscolL_SCCFR_PB,20230814,1
NscolL_SCCFR_PB,20230821,1
NscolL_SCCFR_PB,20230828,1
NscolL_SCCFR_PB,20230904,1
NscolL_SCCFR_PB,20230911,1
NscolgCP,20230608,1
NscolgCP,20230615,1
NscolgCP,20230622,1
NscolgCP,20230629,1
NscolgCP,20230706,1
NscolgCP,20230713,1
NscolgCP,20230720,1
NscolgCP,20230727,1
NscolgCP,20230803,1
NscolgCP,20230810,1
NscolgCP,20230817,1
NscolgCP,20230824,1
NscolgCP,20230831,1
NscolgCP,20230907,1
NscolgCP,20230914,1
RidsimoL-S,20230731,1
RidsimoL-S,20230801,1
RidsimoL-S,20230802,1
RidsimoL-S,20230803,1
RidsimoL-S,20230804,1
RidsimoL-S,20230805,1
RidsimoL-S,20230807,1
RidsimoL-S,20230808,1
RidsimoL-S,20230809,1
RidsimoL-S,20230810,1
RidsimoL-S,20230811,1
RidsimoL-S,20230812,1
RidsimoL-S,20230814,1
RidsimoL-S,20230816,1
RidsimoL-S,20230817,1
RidsimoL-S,20230818,1
RidsimoL-S,20230819,1
RidsimoL-S,20230821,1
RidsimoL-S,20230822,1
RidsimoL-S,20230823,1
RidsimoL-S,20230824,1
RidsimoL-S,20230825,1
RidsimoL-S,20230826,1
RidsimoL-S,20231227,1
RidsimoL-S,20231228,1
RidsimoL-S,20231229,1
RidsimoL-S,20231230,1
RidsimoL-V,20230731,1
RidsimoL-V,20230801,1
RidsimoL-V,20230802,1
RidsimoL-V,20230803,1
RidsimoL-V,20230804,1
RidsimoL-V,20230807,1
RidsimoL-V,20230808,1
RidsimoL-V,20230809,1
RidsimoL-V,20230810,1
RidsimoL-V,20230811,1
RidsimoL-V,20230814,1
RidsimoL-V,20230816,1
RidsimoL-V,20230817,1
RidsimoL-V,20230818,1
RidsimoL-V,20230821,1
RidsimoL-V,20230822,1
RidsimoL-V,20230823,1
RidsimoL-V,20230824,1
RidsimoL-V,20230825,1
RidsimoL-V,20231227,1
RidsimoL-V,20231228,1
RidsimoL-V,20231229,1
RidsimoS,20230805,1
RidsimoS,20230812,1
RidsimoS,20230819,1
RidsimoS,20230826,1
RidsimoS,20231230,1
ScolG,20230413,1
ScolG,20230420,1
ScolG,20230427,1
ScolG,20230504,1
ScolG,20230511,1
ScolG,20230518,1
ScolG,20230525,1
ScolG,20230601,1
ScolG,20230608,1
ScolG,20230921,1
ScolG,20230928,1
ScolG,20231005,1
ScolG,20231012,1
ScolG,20231019,1
ScolG,20231026,1
ScolG,20231109,1
ScolG,20231116,1
ScolG,20231123,1
ScolG,20231130,1
ScolG,20231207,1
ScolG,20231214,1
ScolG,20231221,1
ScolL,20230417,1
ScolL,20230424,1
ScolL,20230508,1
ScolL,20230515,1
ScolL,20230522,1
ScolL,20230529,1
ScolL,20230605,1
ScolL,20230918,1
ScolL,20230925,1
ScolL,20231002,1
ScolL,20231009,1
ScolL,20231016,1
ScolL,20231023,1
ScolL,20231030,1
ScolL,20231106,1
ScolL,20231113,1
ScolL,20231120,1
ScolL,20231127,1
ScolL,20231204,1
ScolL,20231211,1
ScolL,20231218,1
ScolL-S,20230412,1
ScolL-S,20230413,1
ScolL-S,20230414,1
ScolL-S,20230415,1
ScolL-S,20230417,1
ScolL-S,20230418,1
ScolL-S,20230419,1
ScolL-S,20230420,1
ScolL-S,20230421,1
ScolL-S,20230422,1
ScolL-S,20230424,1
ScolL-S,20230426,1
ScolL-S,20230427,1
ScolL-S,20230428,1
ScolL-S,20230429,1
ScolL-S,20230502,1
ScolL-S,20230503,1
ScolL-S,20230504,1
ScolL-S,20230505,1
ScolL-S,20230506,1
ScolL-S,20230508,1
ScolL-S,20230509,1
ScolL-S,20230510,1
ScolL-S,20230511,1
ScolL-S,20230512,1
ScolL-S,20230513,1
ScolL-S,20230515,1
ScolL-S,20230516,1
ScolL-S,20230517,1
ScolL-S,20230518,1
ScolL-S,20230519,1
ScolL-S,20230520,1
ScolL-S,20230522,1
ScolL-S,20230523,1
ScolL-S,20230524,1
ScolL-S,20230525,1
ScolL-S,20230526,1
ScolL-S,20230527,1
ScolL-S,20230529,1
ScolL-S,20230530,1
ScolL-S,20230531,1
ScolL-S,20230601,1
ScolL-S,20230603,1
ScolL-S,20230605,1
ScolL-S,20230606,1
ScolL-S,20230607,1
ScolL-S,20230918,1
ScolL-S,20230919,1
ScolL-S,20230920,1
ScolL-S,20230921,1
ScolL-S,20230922,1
ScolL-S,20230923,1
ScolL-S,20230925,1
ScolL-S,20230926,1
ScolL-S,20230927,1
ScolL-S,20230928,1
ScolL-S,20230929,1
ScolL-S,20230930,1
ScolL-S,20231002,1
ScolL-S,20231003,1
ScolL-S,20231004,1
ScolL-S,20231005,1
ScolL-S,20231006,1
ScolL-S,20231007,1
ScolL-S,20231009,1
ScolL-S,20231010,1
ScolL-S,20231011,1
ScolL-S,20231012,1
ScolL-S,20231013,1
ScolL-S,20231014,1
ScolL-S,20231016,1
ScolL-S,20231017,1
ScolL-S,20231018,1
ScolL-S,20231019,1
ScolL-S,20231020,1
ScolL-S,20231021,1
ScolL-S,20231023,1
ScolL-S,20231024,1
ScolL-S,20231025,1
ScolL-S,20231026,1
ScolL-S,20231027,1
ScolL-S,20231028,1
ScolL-S,20231030,1
ScolL-S,20231031,1
ScolL-S,20231103,1
ScolL-S,20231104,1
ScolL-S,20231106,1
ScolL-S,20231107,1
ScolL-S,20231108,1
ScolL-S,20231109,1
ScolL-S,20231110,1
ScolL-S,20231111,1
ScolL-S,20231113,1
ScolL-S,20231114,1
ScolL-S,20231115,1
ScolL-S,20231116,1
ScolL-S,20231117,1
ScolL-S,20231118,1
ScolL-S,20231120,1
ScolL-S,20231121,1
ScolL-S,20231122,1
ScolL-S,20231123,1
ScolL-S,20231124,1
ScolL-S,20231125,1
ScolL-S,20231127,1
ScolL-S,20231128,1
ScolL-S,20231129,1
ScolL-S,20231130,1
ScolL-S,20231201,1
ScolL-S,20231202,1
ScolL-S,20231204,1
ScolL-S,20231205,1
ScolL-S,20231206,1
ScolL-S,20231207,1
ScolL-S,20231209,1
ScolL-S,20231211,1
ScolL-S,20231212,1
ScolL-S,20231213,1
ScolL-S,20231214,1
ScolL-S,20231215,1
ScolL-S,20231216,1
ScolL-S,20231218,1
ScolL-S,20231219,1
ScolL-S,20231220,1
ScolL-S,20231221,1
ScolL-S,20231222,1
ScolL-S,20231223,1
ScolL-S_SCMOD,20230412,1
ScolL-S_SCMOD,20230413,1
ScolL-S_SCMOD,20230414,1
ScolL-S_SCMOD,20230415,1
ScolL-S_SCMOD,20230417,1
ScolL-S_SCMOD,20230418,1
ScolL-S_SCMOD,20230419,1
ScolL-S_SCMOD,20230420,1
ScolL-S_SCMOD,20230421,1
ScolL-S_SCMOD,20230422,1
ScolL-S_SCMOD,20230424,1
ScolL-S_SCMOD,20230426,1
ScolL-S_SCMOD,20230427,1
ScolL-S_SCMOD,20230428,1
ScolL-S_SCMOD,20230429,1
ScolL-S_SCMOD,20230502,1
ScolL-S_SCMOD,20230503,1
ScolL-S_SCMOD,20230504,1
ScolL-S_SCMOD,20230505,1
ScolL-S_SCMOD,20230506,1
ScolL-S_SCMOD,20230508,1
ScolL-S_SCMOD,20230509,1
ScolL-S_SCMOD,20230510,1
ScolL-S_SCMOD,20230511,1
ScolL-S_SCMOD,20230512,1
ScolL-S_SCMOD,20230513,1
ScolL-S_SCMOD,20230515,1
ScolL-S_SCMOD,20230516,1
ScolL-S_SCMOD,20230517,1
ScolL-S_SCMOD,20230518,1
ScolL-S_SCMOD,20230519,1
ScolL-S_SCMOD,20230520,1
ScolL-S_SCMOD,20230522,1
ScolL-S_SCMOD,20230523,1
ScolL-S_SCMOD,20230524,1
ScolL-S_SCMOD,20230525,1
ScolL-S_SCMOD,20230526,1
ScolL-S_SCMOD,20230527,1
ScolL-S_SCMOD,20230529,1
ScolL-S_SCMOD,20230530,1
ScolL-S_SCMOD,20230531,1
ScolL-S_SCMOD,20230601,1
ScolL-S_SCMOD,20230603,1
ScolL-S_SCMOD,20230605,1
ScolL-S_SCMOD,20230606,1
ScolL-S_SCMOD,20230607,1
ScolL-S_SCMOD,20230918,1
ScolL-S_SCMOD,20230919,1
ScolL-S_SCMOD,20230920,1
ScolL-S_SCMOD,20230921,1
ScolL-S_SCMOD,20230922,1
ScolL-S_SCMOD,20230923,1
ScolL-S_SCMOD,20230925,1
ScolL-S_SCMOD,20230926,1
ScolL-S_SCMOD,20230927,1
ScolL-S_SCMOD,20230928,1
ScolL-S_SCMOD,20230929,1
ScolL-S_SCMOD,20230930,1
ScolL-S_SCMOD,20231002,1
ScolL-S_SCMOD,20231003,1
ScolL-S_SCMOD,20231004,1
ScolL-S_SCMOD,20231005,1
ScolL-S_SCMOD,20231006,1
ScolL-S_SCMOD,20231007,1
ScolL-S_SCMOD,20231009,1
ScolL-S_SCMOD,20231010,1
ScolL-S_SCMOD,20231011,1
ScolL-S_SCMOD,20231012,1
ScolL-S_SCMOD,20231013,1
ScolL-S_SCMOD,20231014,1
ScolL-S_SCMOD,20231016,1
ScolL-S_SCMOD,20231017,1
ScolL-S_SCMOD,20231018,1
ScolL-S_SCMOD,20231019,1
ScolL-S_SCMOD,20231020,1
ScolL-S_SCMOD,20231021,1
ScolL-S_SCMOD,20231023,1
ScolL-S_SCMOD,20231024,1
ScolL-S_SCMOD,20231025,1
ScolL-S_SCMOD,20231026,1
ScolL-S_SCMOD,20231027,1
ScolL-S_SCMOD,20231028,1
ScolL-S_SCMOD,20231030,1
ScolL-S_SCMOD,20231031,1
ScolL-S_SCMOD,20231103,1
ScolL-S_SCMOD,20231104,1
ScolL-S_SCMOD,20231106,1
ScolL-S_SCMOD,20231107,1
ScolL-S_SCMOD,20231108,1
ScolL-S_SCMOD,20231109,1
ScolL-S_SCMOD,20231110,1
ScolL-S_SCMOD,20231111,1
ScolL-S_SCMOD,20231113,1
ScolL-S_SCMOD,20231114,1
ScolL-S_SCMOD,20231115,1
ScolL-S_SCMOD,20231116,1
ScolL-S_SCMOD,20231117,1
ScolL-S_SCMOD,20231118,1
ScolL-S_SCMOD,20231120,1
ScolL-S_SCMOD,20231121,1
ScolL-S_SCMOD,20231122,1
ScolL-S_SCMOD,20231123,1
ScolL-S_SCMOD,20231124,1
ScolL-S_SCMOD,20231125,1
ScolL-S_SCMOD,20231127,1
ScolL-S_SCMOD,20231128,1
ScolL-S_SCMOD,20231129,1
ScolL-S_SCMOD,20231130,1
ScolL-S_SCMOD,20231201,1
ScolL-S_SCMOD,20231202,1
ScolL-S_SCMOD,20231204,1
ScolL-S_SCMOD,20231205,1
ScolL-S_SCMOD,20231206,1
ScolL-S_SCMOD,20231207,1
ScolL-S_SCMOD,20231209,1
ScolL-S_SCMOD,20231211,1
ScolL-S_SCMOD,20231212,1
ScolL-S_SCMOD,20231213,1
ScolL-S_SCMOD,20231214,1
ScolL-S_SCMOD,20231215,1
ScolL-S_SCMOD,20231216,1
ScolL-S_SCMOD,20231218,1
ScolL-S_SCMOD,20231219,1
ScolL-S_SCMOD,20231220,1
ScolL-S_SCMOD,20231221,1
ScolL-S_SCMOD,20231222,1
ScolL-S_SCMOD,20231223,1
ScolL-V SCCFR_PB,20230412,1
ScolL-V SCCFR_PB,20230413,1
ScolL-V SCCFR_PB,20230414,1
ScolL-V SCCFR_PB,20230417,1
ScolL-V SCCFR_PB,20230418,1
ScolL-V SCCFR_PB,20230419,1
ScolL-V SCCFR_PB,20230420,1
ScolL-V SCCFR_PB,20230421,1
ScolL-V SCCFR_PB,20230424,1
ScolL-V SCCFR_PB,20230426,1
ScolL-V SCCFR_PB,20230427,1
ScolL-V SCCFR_PB,20230428,1
ScolL-V SCCFR_PB,20230502,1
ScolL-V SCCFR_PB,20230503,1
ScolL-V SCCFR_PB,20230504,1
ScolL-V SCCFR_PB,20230505,1
ScolL-V SCCFR_PB,20230508,1
ScolL-V SCCFR_PB,20230509,1
ScolL-V SCCFR_PB,20230510,1
ScolL-V SCCFR_PB,20230511,1
ScolL-V SCCFR_PB,20230512,1
ScolL-V SCCFR_PB,20230515,1
ScolL-V SCCFR_PB,20230516,1
ScolL-V SCCFR_PB,20230517,1
ScolL-V SCCFR_PB,20230518,1
ScolL-V SCCFR_PB,20230519,1
ScolL-V SCCFR_PB,20230522,1
ScolL-V SCCFR_PB,20230523,1
ScolL-V SCCFR_PB,20230524,1
ScolL-V SCCFR_PB,20230525,1
ScolL-V SCCFR_PB,20230526,1
ScolL-V SCCFR_PB,20230529,1
ScolL-V SCCFR_PB,20230530,1
ScolL-V SCCFR_PB,20230531,1
ScolL-V SCCFR_PB,20230601,1
ScolL-V SCCFR_PB,20230605,1
ScolL-V SCCFR_PB,20230606,1
ScolL-V SCCFR_PB,20230607,1
ScolL-V SCCFR_PB,20230918,1
ScolL-V SCCFR_PB,20230919,1
ScolL-V SCCFR_PB,20230920,1
ScolL-V SCCFR_PB,20230921,1
ScolL-V SCCFR_PB,20230922,1
ScolL-V SCCFR_PB,20230925,1
ScolL-V SCCFR_PB,20230926,1
ScolL-V SCCFR_PB,20230927,1
ScolL-V SCCFR_PB,20230928,1
ScolL-V SCCFR_PB,20230929,1
ScolL-V SCCFR_PB,20231002,1
ScolL-V SCCFR_PB,20231003,1
ScolL-V SCCFR_PB,20231004,1
ScolL-V SCCFR_PB,20231005,1
ScolL-V SCCFR_PB,20231006,1
ScolL-V SCCFR_PB,20231009,1
ScolL-V SCCFR_PB,20231010,1
ScolL-V SCCFR_PB,20231011,1
ScolL-V SCCFR_PB,20231012,1
ScolL-V SCCFR_PB,20231013,1
ScolL-V SCCFR_PB,20231016,1
ScolL-V SCCFR_PB,20231017,1
ScolL-V SCCFR_PB,20231018,1
ScolL-V SCCFR_PB,20231019,1
ScolL-V SCCFR_PB,20231020,1
ScolL-V SCCFR_PB,20231023,1
ScolL-V SCCFR_PB,20231024,1
ScolL-V SCCFR_PB,20231025,1
ScolL-V SCCFR_PB,20231026,1
ScolL-V SCCFR_PB,20231027,1
ScolL-V SCCFR_PB,20231030,1
ScolL-V SCCFR_PB,20231031,1
ScolL-V SCCFR_PB,20231103,1
ScolL-V SCCFR_PB,20231106,1
ScolL-V SCCFR_PB,20231107,1
ScolL-V SCCFR_PB,20231108,1
ScolL-V SCCFR_PB,20231109,1
ScolL-V SCCFR_PB,20231110,1
ScolL-V SCCFR_PB,20231113,1
ScolL-V SCCFR_PB,20231114,1
ScolL-V SCCFR_PB,20231115,1
ScolL-V SCCFR_PB,20231116,1
ScolL-V SCCFR_PB,20231117,1
ScolL-V SCCFR_PB,20231120,1
ScolL-V SCCFR_PB,20231121,1
ScolL-V SCCFR_PB,20231122,1
ScolL-V SCCFR_PB,20231123,1
ScolL-V SCCFR_PB,20231124,1
ScolL-V SCCFR_PB,20231127,1
ScolL-V SCCFR_PB,20231128,1
ScolL-V SCCFR_PB,20231129,1
ScolL-V SCCFR_PB,20231130,1
ScolL-V SCCFR_PB,20231201,1
ScolL-V SCCFR_PB,20231204,1
ScolL-V SCCFR_PB,20231205,1
ScolL-V SCCFR_PB,20231206,1
ScolL-V SCCFR_PB,20231207,1
ScolL-V SCCFR_PB,20231211,1
ScolL-V SCCFR_PB,20231212,1
ScolL-V SCCFR_PB,20231213,1
ScolL-V SCCFR_PB,20231214,1
ScolL-V SCCFR_PB,20231215,1
ScolL-V SCCFR_PB,20231218,1
ScolL-V SCCFR_PB,20231219,1
ScolL-V SCCFR_PB,20231220,1
ScolL-V SCCFR_PB,20231221,1
ScolL-V SCCFR_PB,20231222,1
ScolL-V,20230412,1
ScolL-V,20230413,1
ScolL-V,20230414,1
ScolL-V,20230417,1
ScolL-V,20230418,1
ScolL-V,20230419,1
ScolL-V,20230420,1
ScolL-V,20230421,1
ScolL-V,20230424,1
ScolL-V,20230426,1
ScolL-V,20230427,1
ScolL-V,20230428,1
ScolL-V,20230502,1
ScolL-V,20230503,1
ScolL-V,20230504,1
ScolL-V,20230505,1
ScolL-V,20230508,1
ScolL-V,20230509,1
ScolL-V,20230510,1
ScolL-V,20230511,1
ScolL-V,20230512,1
ScolL-V,20230515,1
ScolL-V,20230516,1
ScolL-V,20230517,1
ScolL-V,20230518,1
ScolL-V,20230519,1
ScolL-V,20230522,1
ScolL-V,20230523,1
ScolL-V,20230524,1
ScolL-V,20230525,1
ScolL-V,20230526,1
ScolL-V,20230529,1
ScolL-V,20230530,1
ScolL-V,20230531,1
ScolL-V,20230601,1
ScolL-V,20230605,1
ScolL-V,20230606,1
ScolL-V,20230607,1
ScolL-V,20230918,1
ScolL-V,20230919,1
ScolL-V,20230920,1
ScolL-V,20230921,1
ScolL-V,20230922,1
ScolL-V,20230925,1
ScolL-V,20230926,1
ScolL-V,20230927,1
ScolL-V,20230928,1
ScolL-V,20230929,1
ScolL-V,20231002,1
ScolL-V,20231003,1
ScolL-V,20231004,1
ScolL-V,20231005,1
ScolL-V,20231006,1
ScolL-V,20231009,1
ScolL-V,20231010,1
ScolL-V,20231011,1
ScolL-V,20231012,1
ScolL-V,20231013,1
ScolL-V,20231016,1
ScolL-V,20231017,1
ScolL-V,20231018,1
ScolL-V,20231019,1
ScolL-V,20231020,1
ScolL-V,20231023,1
ScolL-V,20231024,1
ScolL-V,20231025,1
ScolL-V,20231026,1
ScolL-V,20231027,1
ScolL-V,20231030,1
ScolL-V,20231031,1
ScolL-V,20231103,1
ScolL-V,20231106,1
ScolL-V,20231107,1
ScolL-V,20231108,1
ScolL-V,20231109,1
ScolL-V,20231110,1
ScolL-V,20231113,1
ScolL-V,20231114,1
ScolL-V,20231115,1
ScolL-V,20231116,1
ScolL-V,20231117,1
ScolL-V,20231120,1
ScolL-V,20231121,1
ScolL-V,20231122,1
ScolL-V,20231123,1
ScolL-V,20231124,1
ScolL-V,20231127,1
ScolL-V,20231128,1
ScolL-V,20231129,1
ScolL-V,20231130,1
ScolL-V,20231201,1
ScolL-V,20231204,1
ScolL-V,20231205,1
ScolL-V,20231206,1
ScolL-V,20231207,1
ScolL-V,20231211,1
ScolL-V,20231212,1
ScolL-V,20231213,1
ScolL-V,20231214,1
ScolL-V,20231215,1
ScolL-V,20231218,1
ScolL-V,20231219,1
ScolL-V,20231220,1
ScolL-V,20231221,1
ScolL-V,20231222,1
ScolLMMV,20230412,1
ScolLMMV,20230414,1
ScolLMMV,20230417,1
ScolLMMV,20230418,1
ScolLMMV,20230419,1
ScolLMMV,20230421,1
ScolLMMV,20230424,1
ScolLMMV,20230426,1
ScolLMMV,20230428,1
ScolLMMV,20230502,1
ScolLMMV,20230503,1
ScolLMMV,20230505,1
ScolLMMV,20230508,1
ScolLMMV,20230509,1
ScolLMMV,20230510,1
ScolLMMV,20230512,1
ScolLMMV,20230515,1
ScolLMMV,20230516,1
ScolLMMV,20230517,1
ScolLMMV,20230519,1
ScolLMMV,20230522,1
ScolLMMV,20230523,1
ScolLMMV,20230524,1
ScolLMMV,20230526,1
ScolLMMV,20230529,1
ScolLMMV,20230530,1
ScolLMMV,20230531,1
ScolLMMV,20230605,1
ScolLMMV,20230606,1
ScolLMMV,20230607,1
ScolLMMV,20230918,1
ScolLMMV,20230919,1
ScolLMMV,20230920,1
ScolLMMV,20230922,1
ScolLMMV,20230925,1
ScolLMMV,20230926,1
ScolLMMV,20230927,1
ScolLMMV,20230929,1
ScolLMMV,20231002,1
ScolLMMV,20231003,1
ScolLMMV,20231004,1
ScolLMMV,20231006,1
ScolLMMV,20231009,1
ScolLMMV,20231010,1
ScolLMMV,20231011,1
ScolLMMV,20231013,1
ScolLMMV,20231016,1
ScolLMMV,20231017,1
ScolLMMV,20231018,1
ScolLMMV,20231020,1
ScolLMMV,20231023,1
ScolLMMV,20231024,1
ScolLMMV,20231025,1
ScolLMMV,20231027,1
ScolLMMV,20231030,1
ScolLMMV,20231031,1
ScolLMMV,20231103,1
ScolLMMV,20231106,1
ScolLMMV,20231107,1
ScolLMMV,20231108,1
ScolLMMV,20231110,1
ScolLMMV,20231113,1
ScolLMMV,20231114,1
ScolLMMV,20231115,1
ScolLMMV,20231117,1
ScolLMMV,20231120,1
ScolLMMV,20231121,1
ScolLMMV,20231122,1
ScolLMMV,20231124,1
ScolLMMV,20231127,1
ScolLMMV,20231128,1
ScolLMMV,20231129,1
ScolLMMV,20231201,1
ScolLMMV,20231204,1
ScolLMMV,20231205,1
ScolLMMV,20231206,1
ScolLMMV,20231211,1
ScolLMMV,20231212,1
ScolLMMV,20231213,1
ScolLMMV,20231215,1
ScolLMMV,20231218,1
ScolLMMV,20231219,1
ScolLMMV,20231220,1
ScolLMMV,20231222,1
ScolLMaGV,20230413,1
ScolLMaGV,20230414,1
ScolLMaGV,20230417,1
ScolLMaGV,20230418,1
ScolLMaGV,20230420,1
ScolLMaGV,20230421,1
ScolLMaGV,20230424,1
ScolLMaGV,20230427,1
ScolLMaGV,20230428,1
ScolLMaGV,20230502,1
ScolLMaGV,20230504,1
ScolLMaGV,20230505,1
ScolLMaGV,20230508,1
ScolLMaGV,20230509,1
ScolLMaGV,20230511,1
ScolLMaGV,20230512,1
ScolLMaGV,20230515,1
ScolLMaGV,20230516,1
ScolLMaGV,20230518,1
ScolLMaGV,20230519,1
ScolLMaGV,20230522,1
ScolLMaGV,20230523,1
ScolLMaGV,20230525,1
ScolLMaGV,20230526,1
ScolLMaGV,20230529,1
ScolLMaGV,20230530,1
ScolLMaGV,20230601,1
ScolLMaGV,20230605,1
ScolLMaGV,20230606,1
ScolLMaGV,20230918,1
ScolLMaGV,20230919,1
ScolLMaGV,20230921,1
ScolLMaGV,20230922,1
ScolLMaGV,20230925,1
ScolLMaGV,20230926,1
ScolLMaGV,20230928,1
ScolLMaGV,20230929,1
ScolLMaGV,20231002,1
ScolLMaGV,20231003,1
ScolLMaGV,20231005,1
ScolLMaGV,20231006,1
ScolLMaGV,20231009,1
ScolLMaGV,20231010,1
ScolLMaGV,20231012,1
ScolLMaGV,20231013,1
ScolLMaGV,20231016,1
ScolLMaGV,20231017,1
ScolLMaGV,20231019,1
ScolLMaGV,20231020,1
ScolLMaGV,20231023,1
ScolLMaGV,20231024,1
ScolLMaGV,20231026,1
ScolLMaGV,20231027,1
ScolLMaGV,20231030,1
ScolLMaGV,20231031,1
ScolLMaGV,20231103,1
ScolLMaGV,20231106,1
ScolLMaGV,20231107,1
ScolLMaGV,20231109,1
ScolLMaGV,20231110,1
ScolLMaGV,20231113,1
ScolLMaGV,20231114,1
ScolLMaGV,20231116,1
ScolLMaGV,20231117,1
ScolLMaGV,20231120,1
ScolLMaGV,20231121,1
ScolLMaGV,20231123,1
ScolLMaGV,20231124,1
ScolLMaGV,20231127,1
ScolLMaGV,20231128,1
ScolLMaGV,20231130,1
ScolLMaGV,20231201,1
ScolLMaGV,20231204,1
ScolLMaGV,20231205,1
ScolLMaGV,20231207,1
ScolLMaGV,20231211,1
ScolLMaGV,20231212,1
ScolLMaGV,20231214,1
ScolLMaGV,20231215,1
ScolLMaGV,20231218,1
ScolLMaGV,20231219,1
ScolLMaGV,20231221,1
ScolLMaGV,20231222,1
ScolLMaGVS,20230413,1
ScolLMaGVS,20230414,1
ScolLMaGVS,20230415,1
ScolLMaGVS,20230417,1
ScolLMaGVS,20230418,1
ScolLMaGVS,20230420,1
ScolLMaGVS,20230421,1
ScolLMaGVS,20230422,1
ScolLMaGVS,20230424,1
ScolLMaGVS,20230427,1
ScolLMaGVS,20230428,1
ScolLMaGVS,20230429,1
ScolLMaGVS,20230502,1
ScolLMaGVS,20230504,1
ScolLMaGVS,20230505,1
ScolLMaGVS,20230506,1
ScolLMaGVS,20230508,1
ScolLMaGVS,20230509,1
ScolLMaGVS,20230511,1
ScolLMaGVS,20230512,1
ScolLMaGVS,20230513,1
ScolLMaGVS,20230515,1
ScolLMaGVS,20230516,1
ScolLMaGVS,20230518,1
ScolLMaGVS,20230519,1
ScolLMaGVS,20230520,1
ScolLMaGVS,20230522,1
ScolLMaGVS,20230523,1
ScolLMaGVS,20230525,1
ScolLMaGVS,20230526,1
ScolLMaGVS,20230527,1
ScolLMaGVS,20230529,1
ScolLMaGVS,20230530,1
ScolLMaGVS,20230601,1
ScolLMaGVS,20230603,1
ScolLMaGVS,20230605,1
ScolLMaGVS,20230606,1
ScolLMaGVS,20230918,1
ScolLMaGVS,20230919,1
ScolLMaGVS,20230921,1
ScolLMaGVS,20230922,1
ScolLMaGVS,20230923,1
ScolLMaGVS,20230925,1
ScolLMaGVS,20230926,1
ScolLMaGVS,20230928,1
ScolLMaGVS,20230929,1
ScolLMaGVS,20230930,1
ScolLMaGVS,20231002,1
ScolLMaGVS,20231003,1
ScolLMaGVS,20231005,1
ScolLMaGVS,20231006,1
ScolLMaGVS,20231007,1
ScolLMaGVS,20231009,1
ScolLMaGVS,20231010,1
ScolLMaGVS,20231012,1
ScolLMaGVS,20231013,1
ScolLMaGVS,20231014,1
ScolLMaGVS,20231016,1
ScolLMaGVS,20231017,1
ScolLMaGVS,20231019,1
ScolLMaGVS,20231020,1
ScolLMaGVS,20231021,1
ScolLMaGVS,20231023,1
ScolLMaGVS,20231024,1
ScolLMaGVS,20231026,1
ScolLMaGVS,20231027,1
ScolLMaGVS,20231028,1
ScolLMaGVS,20231030,1
ScolLMaGVS,20231031,1
ScolLMaGVS,20231102,1
ScolLMaGVS,20231103,1
ScolLMaGVS,20231104,1
ScolLMaGVS,20231106,1
ScolLMaGVS,20231107,1
ScolLMaGVS,20231109,1
ScolLMaGVS,20231110,1
ScolLMaGVS,20231111,1
ScolLMaGVS,20231113,1
ScolLMaGVS,20231114,1
ScolLMaGVS,20231116,1
ScolLMaGVS,20231117,1
ScolLMaGVS,20231118,1
ScolLMaGVS,20231120,1
ScolLMaGVS,20231121,1
ScolLMaGVS,20231123,1
ScolLMaGVS,20231124,1
ScolLMaGVS,20231125,1
ScolLMaGVS,20231127,1
ScolLMaGVS,20231128,1
ScolLMaGVS,20231130,1
ScolLMaGVS,20231201,1
ScolLMaGVS,20231202,1
ScolLMaGVS,20231204,1
ScolLMaGVS,20231205,1
ScolLMaGVS,20231207,1
ScolLMaGVS,20231209,1
ScolLMaGVS,20231211,1
ScolLMaGVS,20231212,1
ScolLMaGVS,20231214,1
ScolLMaGVS,20231215,1
ScolLMaGVS,20231216,1
ScolLMaGVS,20231218,1
ScolLMaGVS,20231219,1
ScolLMaGVS,20231221,1
ScolLMaGVS,20231222,1
ScolLMaGVS,20231223,1
ScolLMe,20230412,1
ScolLMe,20230417,1
ScolLMe,20230419,1
ScolLMe,20230424,1
ScolLMe,20230426,1
ScolLMe,20230503,1
ScolLMe,20230508,1
ScolLMe,20230510,1
ScolLMe,20230515,1
ScolLMe,20230517,1
ScolLMe,20230522,1
ScolLMe,20230524,1
ScolLMe,20230529,1
ScolLMe,20230531,1
ScolLMe,20230605,1
ScolLMe,20230607,1
ScolLMe,20230904,1
ScolLMe,20230906,1
ScolLMe,20230911,1
ScolLMe,20230913,1
ScolLMe,20230918,1
ScolLMe,20230920,1
ScolLMe,20230925,1
ScolLMe,20230927,1
ScolLMe,20231002,1
ScolLMe,20231004,1
ScolLMe,20231009,1
ScolLMe,20231011,1
ScolLMe,20231016,1
ScolLMe,20231018,1
ScolLMe,20231023,1
ScolLMe,20231025,1
ScolLMe,20231030,1
ScolLMe,20231106,1
ScolLMe,20231108,1
ScolLMe,20231113,1
ScolLMe,20231115,1
ScolLMe,20231120,1
ScolLMe,20231122,1
ScolLMe,20231127,1
ScolLMe,20231129,1
ScolLMe,20231204,1
ScolLMe,20231206,1
ScolLMe,20231211,1
ScolLMe,20231213,1
ScolLMe,20231218,1
ScolLMe,20231220,1
ScolLMeGV,20230412,1
ScolLMeGV,20230413,1
ScolLMeGV,20230414,1
ScolLMeGV,20230417,1
ScolLMeGV,20230419,1
ScolLMeGV,20230420,1
ScolLMeGV,20230421,1
ScolLMeGV,20230424,1
ScolLMeGV,20230426,1
ScolLMeGV,20230427,1
ScolLMeGV,20230428,1
ScolLMeGV,20230503,1
ScolLMeGV,20230504,1
ScolLMeGV,20230505,1
ScolLMeGV,20230508,1
ScolLMeGV,20230510,1
ScolLMeGV,20230511,1
ScolLMeGV,20230512,1
ScolLMeGV,20230515,1
ScolLMeGV,20230517,1
ScolLMeGV,20230518,1
ScolLMeGV,20230519,1
ScolLMeGV,20230522,1
ScolLMeGV,20230524,1
ScolLMeGV,20230525,1
ScolLMeGV,20230526,1
ScolLMeGV,20230529,1
ScolLMeGV,20230531,1
ScolLMeGV,20230601,1
ScolLMeGV,20230605,1
ScolLMeGV,20230607,1
ScolLMeGV,20230918,1
ScolLMeGV,20230920,1
ScolLMeGV,20230921,1
ScolLMeGV,20230922,1
ScolLMeGV,20230925,1
ScolLMeGV,20230927,1
ScolLMeGV,20230928,1
ScolLMeGV,20230929,1
ScolLMeGV,20231002,1
ScolLMeGV,20231004,1
ScolLMeGV,20231005,1
ScolLMeGV,20231006,1
ScolLMeGV,20231009,1
ScolLMeGV,20231011,1
ScolLMeGV,20231012,1
ScolLMeGV,20231013,1
ScolLMeGV,20231016,1
ScolLMeGV,20231018,1
ScolLMeGV,20231019,1
ScolLMeGV,20231020,1
ScolLMeGV,20231023,1
ScolLMeGV,20231025,1
ScolLMeGV,20231026,1
ScolLMeGV,20231027,1
ScolLMeGV,20231030,1
ScolLMeGV,20231103,1
ScolLMeGV,20231106,1
ScolLMeGV,20231108,1
ScolLMeGV,20231109,1
ScolLMeGV,20231110,1
ScolLMeGV,20231113,1
ScolLMeGV,20231115,1
ScolLMeGV,20231116,1
ScolLMeGV,20231117,1
ScolLMeGV,20231120,1
ScolLMeGV,20231122,1
ScolLMeGV,20231123,1
ScolLMeGV,20231124,1
ScolLMeGV,20231127,1
ScolLMeGV,20231129,1
ScolLMeGV,20231130,1
ScolLMeGV,20231201,1
ScolLMeGV,20231204,1
ScolLMeGV,20231206,1
ScolLMeGV,20231207,1
ScolLMeGV,20231211,1
ScolLMeGV,20231213,1
ScolLMeGV,20231214,1
ScolLMeGV,20231215,1
ScolLMeGV,20231218,1
ScolLMeGV,20231220,1
ScolLMeGV,20231221,1
ScolLMeGV,20231222,1
ScolLMeGVS,20230412,1
ScolLMeGVS,20230413,1
ScolLMeGVS,20230414,1
ScolLMeGVS,20230415,1
ScolLMeGVS,20230417,1
ScolLMeGVS,20230419,1
ScolLMeGVS,20230420,1
ScolLMeGVS,20230421,1
ScolLMeGVS,20230422,1
ScolLMeGVS,20230424,1
ScolLMeGVS,20230426,1
ScolLMeGVS,20230427,1
ScolLMeGVS,20230428,1
ScolLMeGVS,20230429,1
ScolLMeGVS,20230503,1
ScolLMeGVS,20230504,1
ScolLMeGVS,20230505,1
ScolLMeGVS,20230506,1
ScolLMeGVS,20230508,1
ScolLMeGVS,20230510,1
ScolLMeGVS,20230511,1
ScolLMeGVS,20230512,1
ScolLMeGVS,20230513,1
ScolLMeGVS,20230515,1
ScolLMeGVS,20230517,1
ScolLMeGVS,20230518,1
ScolLMeGVS,20230519,1
ScolLMeGVS,20230520,1
ScolLMeGVS,20230522,1
ScolLMeGVS,20230524,1
ScolLMeGVS,20230525,1
ScolLMeGVS,20230526,1
ScolLMeGVS,20230527,1
ScolLMeGVS,20230529,1
ScolLMeGVS,20230531,1
ScolLMeGVS,20230601,1
ScolLMeGVS,20230603,1
ScolLMeGVS,20230605,1
ScolLMeGVS,20230607,1
ScolLMeGVS,20230918,1
ScolLMeGVS,20230920,1
ScolLMeGVS,20230921,1
ScolLMeGVS,20230922,1
ScolLMeGVS,20230923,1
ScolLMeGVS,20230925,1
ScolLMeGVS,20230927,1
ScolLMeGVS,20230928,1
ScolLMeGVS,20230929,1
ScolLMeGVS,20230930,1
ScolLMeGVS,20231002,1
ScolLMeGVS,20231004,1
ScolLMeGVS,20231005,1
ScolLMeGVS,20231006,1
ScolLMeGVS,20231007,1
ScolLMeGVS,20231009,1
ScolLMeGVS,20231011,1
ScolLMeGVS,20231012,1
ScolLMeGVS,20231013,1
ScolLMeGVS,20231014,1
ScolLMeGVS,20231016,1
ScolLMeGVS,20231018,1
ScolLMeGVS,20231019,1
ScolLMeGVS,20231020,1
ScolLMeGVS,20231021,1
ScolLMeGVS,20231023,1
ScolLMeGVS,20231025,1
ScolLMeGVS,20231026,1
ScolLMeGVS,20231027,1
ScolLMeGVS,20231028,1
ScolLMeGVS,20231030,1
ScolLMeGVS,20231103,1
ScolLMeGVS,20231104,1
ScolLMeGVS,20231106,1
ScolLMeGVS,20231108,1
ScolLMeGVS,20231109,1
ScolLMeGVS,20231110,1
ScolLMeGVS,20231111,1
ScolLMeGVS,20231113,1
ScolLMeGVS,20231115,1
ScolLMeGVS,20231116,1
ScolLMeGVS,20231117,1
ScolLMeGVS,20231118,1
ScolLMeGVS,20231120,1
ScolLMeGVS,20231122,1
ScolLMeGVS,20231123,1
ScolLMeGVS,20231124,1
ScolLMeGVS,20231125,1
ScolLMeGVS,20231127,1
ScolLMeGVS,20231129,1
ScolLMeGVS,20231130,1
ScolLMeGVS,20231201,1
ScolLMeGVS,20231202,1
ScolLMeGVS,20231204,1
ScolLMeGVS,20231206,1
ScolLMeGVS,20231207,1
ScolLMeGVS,20231209,1
ScolLMeGVS,20231211,1
ScolLMeGVS,20231213,1
ScolLMeGVS,20231214,1
ScolLMeGVS,20231215,1
ScolLMeGVS,20231216,1
ScolLMeGVS,20231218,1
ScolLMeGVS,20231220,1
ScolLMeGVS,20231221,1
ScolLMeGVS,20231222,1
ScolLMeGVS,20231223,1
ScolLMeV,20230412,1
ScolLMeV,20230414,1
ScolLMeV,20230417,1
ScolLMeV,20230419,1
ScolLMeV,20230421,1
ScolLMeV,20230424,1
ScolLMeV,20230426,1
ScolLMeV,20230428,1
ScolLMeV,20230503,1
ScolLMeV,20230505,1
ScolLMeV,20230508,1
ScolLMeV,20230510,1
ScolLMeV,20230512,1
ScolLMeV,20230515,1
ScolLMeV,20230517,1
ScolLMeV,20230519,1
ScolLMeV,20230522,1
ScolLMeV,20230524,1
ScolLMeV,20230526,1
ScolLMeV,20230529,1
ScolLMeV,20230531,1
ScolLMeV,20230605,1
ScolLMeV,20230607,1
ScolLMeV,20230918,1
ScolLMeV,20230920,1
ScolLMeV,20230922,1
ScolLMeV,20230925,1
ScolLMeV,20230927,1
ScolLMeV,20230929,1
ScolLMeV,20231002,1
ScolLMeV,20231004,1
ScolLMeV,20231006,1
ScolLMeV,20231009,1
ScolLMeV,20231011,1
ScolLMeV,20231013,1
ScolLMeV,20231016,1
ScolLMeV,20231018,1
ScolLMeV,20231020,1
ScolLMeV,20231023,1
ScolLMeV,20231025,1
ScolLMeV,20231027,1
ScolLMeV,20231030,1
ScolLMeV,20231103,1
ScolLMeV,20231106,1
ScolLMeV,20231108,1
ScolLMeV,20231110,1
ScolLMeV,20231113,1
ScolLMeV,20231115,1
ScolLMeV,20231117,1
ScolLMeV,20231120,1
ScolLMeV,20231122,1
ScolLMeV,20231124,1
ScolLMeV,20231127,1
ScolLMeV,20231129,1
ScolLMeV,20231201,1
ScolLMeV,20231204,1
ScolLMeV,20231206,1
ScolLMeV,20231211,1
ScolLMeV,20231213,1
ScolLMeV,20231215,1
ScolLMeV,20231218,1
ScolLMeV,20231220,1
ScolLMeV,20231222,1
ScolLS,20230415,1
ScolLS,20230417,1
ScolLS,20230422,1
ScolLS,20230424,1
ScolLS,20230429,1
ScolLS,20230506,1
ScolLS,20230508,1
ScolLS,20230513,1
ScolLS,20230515,1
ScolLS,20230520,1
ScolLS,20230522,1
ScolLS,20230527,1
ScolLS,20230529,1
ScolLS,20230603,1
ScolLS,20230605,1
ScolLS,20230918,1
ScolLS,20230923,1
ScolLS,20230925,1
ScolLS,20230930,1
ScolLS,20231002,1
ScolLS,20231007,1
ScolLS,20231009,1
ScolLS,20231014,1
ScolLS,20231016,1
ScolLS,20231021,1
ScolLS,20231023,1
ScolLS,20231028,1
ScolLS,20231030,1
ScolLS,20231104,1
ScolLS,20231106,1
ScolLS,20231111,1
ScolLS,20231113,1
ScolLS,20231118,1
ScolLS,20231120,1
ScolLS,20231125,1
ScolLS,20231127,1
ScolLS,20231202,1
ScolLS,20231204,1
ScolLS,20231209,1
ScolLS,20231211,1
ScolLS,20231216,1
ScolLS,20231218,1
ScolLS,20231223,1
ScolL_S_PB,20230412,1
ScolL_S_PB,20230413,1
ScolL_S_PB,20230414,1
ScolL_S_PB,20230415,1
ScolL_S_PB,20230417,1
ScolL_S_PB,20230418,1
ScolL_S_PB,20230419,1
ScolL_S_PB,20230420,1
ScolL_S_PB,20230421,1
ScolL_S_PB,20230422,1
ScolL_S_PB,20230424,1
ScolL_S_PB,20230426,1
ScolL_S_PB,20230427,1
ScolL_S_PB,20230428,1
ScolL_S_PB,20230429,1
ScolL_S_PB,20230502,1
ScolL_S_PB,20230503,1
ScolL_S_PB,20230504,1
ScolL_S_PB,20230505,1
ScolL_S_PB,20230506,1
ScolL_S_PB,20230508,1
ScolL_S_PB,20230509,1
ScolL_S_PB,20230510,1
ScolL_S_PB,20230511,1
ScolL_S_PB,20230512,1
ScolL_S_PB,20230513,1
ScolL_S_PB,20230515,1
ScolL_S_PB,20230516,1
ScolL_S_PB,20230517,1
ScolL_S_PB,20230518,1
ScolL_S_PB,20230519,1
ScolL_S_PB,20230520,1
ScolL_S_PB,20230522,1
ScolL_S_PB,20230523,1
ScolL_S_PB,20230524,1
ScolL_S_PB,20230525,1
ScolL_S_PB,20230526,1
ScolL_S_PB,20230527,1
ScolL_S_PB,20230529,1
ScolL_S_PB,20230530,1
ScolL_S_PB,20230531,1
ScolL_S_PB,20230601,1
ScolL_S_PB,20230603,1
ScolL_S_PB,20230605,1
ScolL_S_PB,20230606,1
ScolL_S_PB,20230607,1
ScolL_S_PB,20230918,1
ScolL_S_PB,20230919,1
ScolL_S_PB,20230920,1
ScolL_S_PB,20230921,1
ScolL_S_PB,20230922,1
ScolL_S_PB,20230923,1
ScolL_S_PB,20230925,1
ScolL_S_PB,20230926,1
ScolL_S_PB,20230927,1
ScolL_S_PB,20230928,1
ScolL_S_PB,20230929,1
ScolL_S_PB,20230930,1
ScolL_S_PB,20231002,1
ScolL_S_PB,20231003,1
ScolL_S_PB,20231004,1
ScolL_S_PB,20231005,1
ScolL_S_PB,20231006,1
ScolL_S_PB,20231007,1
ScolL_S_PB,20231009,1
ScolL_S_PB,20231010,1
ScolL_S_PB,20231011,1
ScolL_S_PB,20231012,1
ScolL_S_PB,20231013,1
ScolL_S_PB,20231014,1
ScolL_S_PB,20231016,1
ScolL_S_PB,20231017,1
ScolL_S_PB,20231018,1
ScolL_S_PB,20231019,1
ScolL_S_PB,20231020,1
ScolL_S_PB,20231021,1
ScolL_S_PB,20231023,1
ScolL_S_PB,20231024,1
ScolL_S_PB,20231025,1
ScolL_S_PB,20231026,1
ScolL_S_PB,20231027,1
ScolL_S_PB,20231028,1
ScolL_S_PB,20231030,1
ScolL_S_PB,20231031,1
ScolL_S_PB,20231103,1
ScolL_S_PB,20231104,1
ScolL_S_PB,20231106,1
ScolL_S_PB,20231107,1
ScolL_S_PB,20231108,1
ScolL_S_PB,20231109,1
ScolL_S_PB,20231110,1
ScolL_S_PB,20231111,1
ScolL_S_PB,20231113,1
ScolL_S_PB,20231114,1
ScolL_S_PB,20231115,1
ScolL_S_PB,20231116,1
ScolL_S_PB,20231117,1
ScolL_S_PB,20231118,1
ScolL_S_PB,20231120,1
ScolL_S_PB,20231121,1
ScolL_S_PB,20231122,1
ScolL_S_PB,20231123,1
ScolL_S_PB,20231124,1
ScolL_S_PB,20231125,1
ScolL_S_PB,20231127,1
ScolL_S_PB,20231128,1
ScolL_S_PB,20231129,1
ScolL_S_PB,20231130,1
ScolL_S_PB,20231201,1
ScolL_S_PB,20231202,1
ScolL_S_PB,20231204,1
ScolL_S_PB,20231205,1
ScolL_S_PB,20231206,1
ScolL_S_PB,20231207,1
ScolL_S_PB,20231209,1
ScolL_S_PB,20231211,1
ScolL_S_PB,20231212,1
ScolL_S_PB,20231213,1
ScolL_S_PB,20231214,1
ScolL_S_PB,20231215,1
ScolL_S_PB,20231216,1
ScolL_S_PB,20231218,1
ScolL_S_PB,20231219,1
ScolL_S_PB,20231220,1
ScolL_S_PB,20231221,1
ScolL_S_PB,20231222,1
ScolL_S_PB,20231223,1
ScolMMGV,20230412,1
ScolMMGV,20230413,1
ScolMMGV,20230414,1
ScolMMGV,20230418,1
ScolMMGV,20230419,1
ScolMMGV,20230420,1
ScolMMGV,20230421,1
ScolMMGV,20230426,1
ScolMMGV,20230427,1
ScolMMGV,20230428,1
ScolMMGV,20230502,1
ScolMMGV,20230503,1
ScolMMGV,20230504,1
ScolMMGV,20230505,1
ScolMMGV,20230509,1
ScolMMGV,20230510,1
ScolMMGV,20230511,1
ScolMMGV,20230512,1
ScolMMGV,20230516,1
ScolMMGV,20230517,1
ScolMMGV,20230518,1
ScolMMGV,20230519,1
ScolMMGV,20230523,1
ScolMMGV,20230524,1
ScolMMGV,20230525,1
ScolMMGV,20230526,1
ScolMMGV,20230530,1
ScolMMGV,20230531,1
ScolMMGV,20230601,1
ScolMMGV,20230606,1
ScolMMGV,20230607,1
ScolMMGV,20230919,1
ScolMMGV,20230920,1
ScolMMGV,20230921,1
ScolMMGV,20230922,1
ScolMMGV,20230926,1
ScolMMGV,20230927,1
ScolMMGV,20230928,1
ScolMMGV,20230929,1
ScolMMGV,20231003,1
ScolMMGV,20231004,1
ScolMMGV,20231005,1
ScolMMGV,20231006,1
ScolMMGV,20231010,1
ScolMMGV,20231011,1
ScolMMGV,20231012,1
ScolMMGV,20231013,1
ScolMMGV,20231017,1
ScolMMGV,20231018,1
ScolMMGV,20231019,1
ScolMMGV,20231020,1
ScolMMGV,20231024,1
ScolMMGV,20231025,1
ScolMMGV,20231026,1
ScolMMGV,20231027,1
ScolMMGV,20231031,1
ScolMMGV,20231103,1
ScolMMGV,20231107,1
ScolMMGV,20231108,1
ScolMMGV,20231109,1
ScolMMGV,20231110,1
ScolMMGV,20231114,1
ScolMMGV,20231115,1
ScolMMGV,20231116,1
ScolMMGV,20231117,1
ScolMMGV,20231121,1
ScolMMGV,20231122,1
ScolMMGV,20231123,1
ScolMMGV,20231124,1
ScolMMGV,20231128,1
ScolMMGV,20231129,1
ScolMMGV,20231130,1
ScolMMGV,20231201,1
ScolMMGV,20231205,1
ScolMMGV,20231206,1
ScolMMGV,20231207,1
ScolMMGV,20231212,1
ScolMMGV,20231213,1
ScolMMGV,20231214,1
ScolMMGV,20231215,1
ScolMMGV,20231219,1
ScolMMGV,20231220,1
ScolMMGV,20231221,1
ScolMMGV,20231222,1
ScolMMV,20230412,1
ScolMMV,20230414,1
ScolMMV,20230418,1
ScolMMV,20230419,1
ScolMMV,20230421,1
ScolMMV,20230426,1
ScolMMV,20230428,1
ScolMMV,20230502,1
ScolMMV,20230503,1
ScolMMV,20230505,1
ScolMMV,20230509,1
ScolMMV,20230510,1
ScolMMV,20230512,1
ScolMMV,20230516,1
ScolMMV,20230517,1
ScolMMV,20230519,1
ScolMMV,20230523,1
ScolMMV,20230524,1
ScolMMV,20230526,1
ScolMMV,20230530,1
ScolMMV,20230531,1
ScolMMV,20230606,1
ScolMMV,20230607,1
ScolMMV,20230919,1
ScolMMV,20230920,1
ScolMMV,20230922,1
ScolMMV,20230926,1
ScolMMV,20230927,1
ScolMMV,20230929,1
ScolMMV,20231003,1
ScolMMV,20231004,1
ScolMMV,20231006,1
ScolMMV,20231010,1
ScolMMV,20231011,1
ScolMMV,20231013,1
ScolMMV,20231017,1
ScolMMV,20231018,1
ScolMMV,20231020,1
ScolMMV,20231024,1
ScolMMV,20231025,1
ScolMMV,20231027,1
ScolMMV,20231031,1
ScolMMV,20231103,1
ScolMMV,20231107,1
ScolMMV,20231108,1
ScolMMV,20231110,1
ScolMMV,20231114,1
ScolMMV,20231115,1
ScolMMV,20231117,1
ScolMMV,20231121,1
ScolMMV,20231122,1
ScolMMV,20231124,1
ScolMMV,20231128,1
ScolMMV,20231129,1
ScolMMV,20231201,1
ScolMMV,20231205,1
ScolMMV,20231206,1
ScolMMV,20231212,1
ScolMMV,20231213,1
ScolMMV,20231215,1
ScolMMV,20231219,1
ScolMMV,20231220,1
ScolMMV,20231222,1
ScolMa,20230418,1
ScolMa,20230502,1
ScolMa,20230509,1
ScolMa,20230516,1
ScolMa,20230523,1
ScolMa,20230530,1
ScolMa,20230606,1
ScolMa,20230919,1
ScolMa,20230926,1
ScolMa,20231003,1
ScolMa,20231010,1
ScolMa,20231017,1
ScolMa,20231024,1
ScolMa,20231031,1
ScolMa,20231107,1
ScolMa,20231114,1
ScolMa,20231121,1
ScolMa,20231128,1
ScolMa,20231205,1
ScolMa,20231212,1
ScolMa,20231219,1
ScolMaG,20230413,1
ScolMaG,20230418,1
ScolMaG,20230420,1
ScolMaG,20230427,1
ScolMaG,20230502,1
ScolMaG,20230504,1
ScolMaG,20230509,1
ScolMaG,20230511,1
ScolMaG,20230516,1
ScolMaG,20230518,1
ScolMaG,20230523,1
ScolMaG,20230525,1
ScolMaG,20230530,1
ScolMaG,20230601,1
ScolMaG,20230606,1
ScolMaG,20230613,1
ScolMaG,20230620,1
ScolMaG,20230627,1
ScolMaG,20230919,1
ScolMaG,20230921,1
ScolMaG,20230926,1
ScolMaG,20230928,1
ScolMaG,20231003,1
ScolMaG,20231005,1
ScolMaG,20231010,1
ScolMaG,20231012,1
ScolMaG,20231017,1
ScolMaG,20231019,1
ScolMaG,20231024,1
ScolMaG,20231026,1
ScolMaG,20231031,1
ScolMaG,20231107,1
ScolMaG,20231109,1
ScolMaG,20231114,1
ScolMaG,20231116,1
ScolMaG,20231121,1
ScolMaG,20231123,1
ScolMaG,20231128,1
ScolMaG,20231130,1
ScolMaG,20231205,1
ScolMaG,20231207,1
ScolMaG,20231212,1
ScolMaG,20231214,1
ScolMaG,20231219,1
ScolMaG,20231221,1
ScolMaGV,20230413,1
ScolMaGV,20230414,1
ScolMaGV,20230418,1
ScolMaGV,20230420,1
ScolMaGV,20230421,1
ScolMaGV,20230427,1
ScolMaGV,20230428,1
ScolMaGV,20230502,1
ScolMaGV,20230504,1
ScolMaGV,20230505,1
ScolMaGV,20230509,1
ScolMaGV,20230511,1
ScolMaGV,20230512,1
ScolMaGV,20230516,1
ScolMaGV,20230518,1
ScolMaGV,20230519,1
ScolMaGV,20230523,1
ScolMaGV,20230525,1
ScolMaGV,20230526,1
ScolMaGV,20230530,1
ScolMaGV,20230601,1
ScolMaGV,20230606,1
ScolMaGV,20230919,1
ScolMaGV,20230921,1
ScolMaGV,20230922,1
ScolMaGV,20230926,1
ScolMaGV,20230928,1
ScolMaGV,20230929,1
ScolMaGV,20231003,1
ScolMaGV,20231005,1
ScolMaGV,20231006,1
ScolMaGV,20231010,1
ScolMaGV,20231012,1
ScolMaGV,20231013,1
ScolMaGV,20231017,1
ScolMaGV,20231019,1
ScolMaGV,20231020,1
ScolMaGV,20231024,1
ScolMaGV,20231026,1
ScolMaGV,20231027,1
ScolMaGV,20231031,1
ScolMaGV,20231103,1
ScolMaGV,20231107,1
ScolMaGV,20231109,1
ScolMaGV,20231110,1
ScolMaGV,20231114,1
ScolMaGV,20231116,1
ScolMaGV,20231117,1
ScolMaGV,20231121,1
ScolMaGV,20231123,1
ScolMaGV,20231124,1
ScolMaGV,20231128,1
ScolMaGV,20231130,1
ScolMaGV,20231201,1
ScolMaGV,20231205,1
ScolMaGV,20231207,1
ScolMaGV,20231212,1
ScolMaGV,20231214,1
ScolMaGV,20231215,1
ScolMaGV,20231219,1
ScolMaGV,20231221,1
ScolMaGV,20231222,1
ScolMaS,20230415,1
ScolMaS,20230418,1
ScolMaS,20230422,1
ScolMaS,20230429,1
ScolMaS,20230502,1
ScolMaS,20230506,1
ScolMaS,20230509,1
ScolMaS,20230513,1
ScolMaS,20230516,1
ScolMaS,20230520,1
ScolMaS,20230523,1
ScolMaS,20230527,1
ScolMaS,20230530,1
ScolMaS,20230603,1
ScolMaS,20230606,1
ScolMaS,20230919,1
ScolMaS,20230923,1
ScolMaS,20230926,1
ScolMaS,20230930,1
ScolMaS,20231003,1
ScolMaS,20231007,1
ScolMaS,20231010,1
ScolMaS,20231014,1
ScolMaS,20231017,1
ScolMaS,20231021,1
ScolMaS,20231024,1
ScolMaS,20231028,1
ScolMaS,20231031,1
ScolMaS,20231104,1
ScolMaS,20231107,1
ScolMaS,20231111,1
ScolMaS,20231114,1
ScolMaS,20231118,1
ScolMaS,20231121,1
ScolMaS,20231125,1
ScolMaS,20231128,1
ScolMaS,20231202,1
ScolMaS,20231205,1
ScolMaS,20231209,1
ScolMaS,20231212,1
ScolMaS,20231216,1
ScolMaS,20231219,1
ScolMaS,20231223,1
ScolMaV,20230414,1
ScolMaV,20230418,1
ScolMaV,20230421,1
ScolMaV,20230428,1
ScolMaV,20230502,1
ScolMaV,20230505,1
ScolMaV,20230509,1
ScolMaV,20230512,1
ScolMaV,20230516,1
ScolMaV,20230519,1
ScolMaV,20230523,1
ScolMaV,20230526,1
ScolMaV,20230530,1
ScolMaV,20230606,1
ScolMaV,20230919,1
ScolMaV,20230922,1
ScolMaV,20230926,1
ScolMaV,20230929,1
ScolMaV,20231003,1
ScolMaV,20231006,1
ScolMaV,20231010,1
ScolMaV,20231013,1
ScolMaV,20231017,1
ScolMaV,20231020,1
ScolMaV,20231024,1
ScolMaV,20231027,1
ScolMaV,20231031,1
ScolMaV,20231103,1
ScolMaV,20231107,1
ScolMaV,20231110,1
ScolMaV,20231114,1
ScolMaV,20231117,1
ScolMaV,20231121,1
ScolMaV,20231124,1
ScolMaV,20231128,1
ScolMaV,20231201,1
ScolMaV,20231205,1
ScolMaV,20231212,1
ScolMaV,20231215,1
ScolMaV,20231219,1
ScolMaV,20231222,1
ScolMe,20230412,1
ScolMe,20230419,1
ScolMe,20230426,1
ScolMe,20230503,1
ScolMe,20230510,1
ScolMe,20230517,1
ScolMe,20230524,1
ScolMe,20230531,1
ScolMe,20230607,1
ScolMe,20230920,1
ScolMe,20230927,1
ScolMe,20231004,1
ScolMe,20231011,1
ScolMe,20231018,1
ScolMe,20231025,1
ScolMe,20231108,1
ScolMe,20231115,1
ScolMe,20231122,1
ScolMe,20231129,1
ScolMe,20231206,1
ScolMe,20231213,1
ScolMe,20231220,1
ScolS,20230415,1
ScolS,20230422,1
ScolS,20230429,1
ScolS,20230506,1
ScolS,20230513,1
ScolS,20230520,1
ScolS,20230527,1
ScolS,20230603,1
ScolS,20230923,1
ScolS,20230930,1
ScolS,20231007,1
ScolS,20231014,1
ScolS,20231021,1
ScolS,20231028,1
ScolS,20231104,1
ScolS,20231111,1
ScolS,20231118,1
ScolS,20231125,1
ScolS,20231202,1
ScolS,20231209,1
ScolS,20231216,1
ScolS,20231223,1
ScolSL_SCMAR,20231028,1
ScolSL_SCMAR,20231030,1
ScolV,20230414,1
ScolV,20230421,1
ScolV,20230428,1
ScolV,20230505,1
ScolV,20230512,1
ScolV,20230519,1
ScolV,20230526,1
ScolV,20230922,1
ScolV,20230929,1
ScolV,20231006,1
ScolV,20231013,1
ScolV,20231020,1
ScolV,20231027,1
ScolV,20231103,1
ScolV,20231110,1
ScolV,20231117,1
ScolV,20231124,1
ScolV,20231201,1
ScolV,20231215,1
ScolV,20231222,1
prova lun mar,20230417,1
prova lun mar,20230418,1
prova lun mar,20230424,1
prova lun mar,20230502,1
prova lun mar,20230508,1
prova lun mar,20230509,1
prova lun mar,20230515,1
prova lun mar,20230516,1
prova lun mar,20230522,1
prova lun mar,20230523,1
prova lun mar,20230529,1
prova lun mar,20230530,1
prova lun mar,20230605,1
prova lun mar,20230606,1
prova lun mar,20230912,1
prova lun mar,20230918,1
prova lun mar,20230919,1
prova lun mar,20230925,1
prova lun mar,20230926,1
prova lun mar,20231002,1
prova lun mar,20231003,1
prova lun mar,20231009,1
prova lun mar,20231010,1
prova lun mar,20231016,1
prova lun mar,20231017,1
prova lun mar,20231023,1
prova lun mar,20231024,1
prova lun mar,20231030,1
prova lun mar,20231031,1
prova lun mar,20231106,1
prova lun mar,20231107,1
prova lun mar,20231113,1
prova lun mar,20231114,1
prova lun mar,20231120,1
prova lun mar,20231121,1
prova lun mar,20231127,1
prova lun mar,20231128,1
prova lun mar,20231204,1
prova lun mar,20231205,1
prova lun mar,20231211,1
prova lun mar,20231212,1
prova lun mar,20231218,1
prova lun mar,20231219,1
